-- MariaDB dump 10.19  Distrib 10.4.24-MariaDB, for Win64 (AMD64)
--
-- Host: localhost    Database: finalproject
-- ------------------------------------------------------
-- Server version	10.4.24-MariaDB

/*!40101 SET @OLD_CHARACTER_SET_CLIENT=@@CHARACTER_SET_CLIENT */;
/*!40101 SET @OLD_CHARACTER_SET_RESULTS=@@CHARACTER_SET_RESULTS */;
/*!40101 SET @OLD_COLLATION_CONNECTION=@@COLLATION_CONNECTION */;
/*!40101 SET NAMES utf8mb4 */;
/*!40103 SET @OLD_TIME_ZONE=@@TIME_ZONE */;
/*!40103 SET TIME_ZONE='+00:00' */;
/*!40014 SET @OLD_UNIQUE_CHECKS=@@UNIQUE_CHECKS, UNIQUE_CHECKS=0 */;
/*!40014 SET @OLD_FOREIGN_KEY_CHECKS=@@FOREIGN_KEY_CHECKS, FOREIGN_KEY_CHECKS=0 */;
/*!40101 SET @OLD_SQL_MODE=@@SQL_MODE, SQL_MODE='NO_AUTO_VALUE_ON_ZERO' */;
/*!40111 SET @OLD_SQL_NOTES=@@SQL_NOTES, SQL_NOTES=0 */;

--
-- Table structure for table `carts`
--

DROP TABLE IF EXISTS `carts`;
/*!40101 SET @saved_cs_client     = @@character_set_client */;
/*!40101 SET character_set_client = utf8 */;
CREATE TABLE `carts` (
  `id` int(11) NOT NULL AUTO_INCREMENT,
  `productId` int(11) NOT NULL,
  `name` varchar(100) NOT NULL,
  `image` varchar(600) DEFAULT NULL,
  `price` int(11) NOT NULL,
  `mount` int(11) NOT NULL,
  PRIMARY KEY (`id`)
) ENGINE=InnoDB DEFAULT CHARSET=utf8mb4;
/*!40101 SET character_set_client = @saved_cs_client */;

--
-- Dumping data for table `carts`
--

LOCK TABLES `carts` WRITE;
/*!40000 ALTER TABLE `carts` DISABLE KEYS */;
/*!40000 ALTER TABLE `carts` ENABLE KEYS */;
UNLOCK TABLES;

--
-- Table structure for table `menu`
--

DROP TABLE IF EXISTS `menu`;
/*!40101 SET @saved_cs_client     = @@character_set_client */;
/*!40101 SET character_set_client = utf8 */;
CREATE TABLE `menu` (
  `menuItemId` int(11) NOT NULL AUTO_INCREMENT,
  `restaurantId` varchar(11) NOT NULL,
  `dish` varchar(300) DEFAULT NULL,
  `type` varchar(300) NOT NULL,
  `introduce` varchar(300) DEFAULT NULL,
  `picture` varchar(300) NOT NULL,
  `cost` varchar(300) DEFAULT NULL,
  PRIMARY KEY (`menuItemId`)
) ENGINE=InnoDB AUTO_INCREMENT=251 DEFAULT CHARSET=utf8mb4;
/*!40101 SET character_set_client = @saved_cs_client */;

--
-- Dumping data for table `menu`
--

LOCK TABLES `menu` WRITE;
/*!40000 ALTER TABLE `menu` DISABLE KEYS */;
INSERT INTO `menu` VALUES (1,'0','蜜香紅茶','飲料','【大杯】總糖量66克、總熱量264大卡 | 【中杯】總糖量46克、總熱量184大卡','',' $ 30'),(2,'0','蕎麥冰茶','飲料','【大杯】總糖量66克、總熱量264大卡 | 【中杯】總糖量46克、總熱量184大卡','',' $ 30'),(3,'0','極品金萱','飲料','【大杯】總糖量66克、總熱量264大卡 | 【中杯】總糖量46克、總熱量184大卡','',' $ 30'),(4,'0','肯亞果香紅茶','飲料','【大杯】總糖量66克、總熱量264大卡 | 【中杯】總糖量46克、總熱量184大卡','',' $ 30'),(5,'0','蕎麥紅茶','飲料','【大杯】總糖量66克、總熱量264大卡 | 【中杯】總糖量46克、總熱量184大卡','',' $ 30'),(6,'0','蕎麥金萱','飲料','【大杯】總糖量66克、總熱量264大卡 | 【中杯】總糖量46克、總熱量184大卡','',' $ 30'),(7,'0','蕎麥果香紅茶','飲料','【大杯】總糖量66克、總熱量264大卡 | 【中杯】總糖量46克、總熱量184大卡','',' $ 30'),(8,'0','手作冬瓜茶','飲料','甜度固定無法調整｜【大杯】總糖量43克、總熱量177大卡 | 【中杯】總糖量34克、總熱量142大卡','',' $ 30'),(9,'0','蕎麥冬瓜','飲料','甜度固定無法調整｜【大杯】總糖量43克、總熱量177大卡 | 【中杯】總糖量34克、總熱量142大卡','',' $ 30'),(10,'0','手作冬瓜金萱','飲料','甜度固定無法調整｜【大杯】總糖量43克、總熱量177大卡 | 【中杯】總糖量34克、總熱量142大卡','',' $ 30'),(11,'0','蜜香紅茶鮮奶','飲料','【大杯】總糖量75克、總熱量395大卡 | 【中杯】總糖量53克、總熱量277大卡','',' $ 50'),(12,'0','極品金萱鮮奶','飲料','【大杯】總糖量75克、總熱量395大卡 | 【中杯】總糖量53克、總熱量277大卡','',' $ 50'),(13,'0','黃金蕎麥鮮奶','飲料','【大杯】總糖量75克、總熱量395大卡 | 【中杯】總糖量53克、總熱量277大卡','',' $ 50'),(14,'0','果香紅茶鮮奶','飲料','【大杯】總糖量75克、總熱量395大卡 | 【中杯】總糖量53克、總熱量277大卡','',' $ 50'),(15,'0','蕎麥冬瓜鮮奶','飲料','固定甜度無法調整｜【大杯】總糖量53克、總熱量309大卡 | 【中杯】總糖量41克、總熱量235大卡','',' $ 50'),(16,'0','泰厚奶茶','飲料','｜固定冰塊｜固定甜度｜無加鮮奶｜','',' $ 50'),(17,'0','冰梅金萱','飲料','固定甜度無法調整｜總糖量47克，總熱量200大卡','',' $ 40'),(18,'0','香檸梅子','飲料','【大杯】總糖量66克，總熱量287大卡','',' $ 40'),(19,'0','檸檬冬瓜','飲料','固定甜度無法調整｜【大杯】總糖量43克，總熱量185大卡','',' $ 45'),(20,'0','檸檬金萱','飲料','固定甜度無法調整｜【大杯】總糖量55克，總熱量232大卡','',' $ 45'),(21,'0','鮮桔金萱','飲料','固定甜度無法調整｜【大杯】總糖量55克，總熱量238大卡','',' $ 45'),(22,'0','葡萄柚金萱','飲料','【大杯】總糖量47克，總熱量192大卡','',' $ 45'),(23,'0','鳳梨丁金萱','飲料','季節限定 | 甜度固定，無法做調整 | 【大杯】總糖量51克、總熱量208大卡','',' $ 45'),(24,'0','多多金萱','飲料','【大杯】總糖量94克，總熱量389大卡','',' $ 45'),(25,'0','多多檸檬','飲料','【大杯】總糖量95克、總熱量400大卡','',' $ 50'),(26,'0','多多百香','飲料','【大杯】總糖量99克、總熱量436大卡','',' $ 50'),(27,'0','多多葡萄柚','飲料','【大杯】總糖量105克、總熱量438大卡','',' $ 50'),(28,'0','晶鑽百香凍飲','飲料','百香果汁(有籽)＋青茶，裡面含有一份三寶(珍珠、椰果、寒天)\r\n【大杯】珍珠如售完會以寒天、椰果補足。總糖量74克，總熱量395大卡','',' $ 50'),(29,'0','晶鑽檸檬凍飲','飲料','甜度固定，無法做調整 | 內含一份三寶 | 珍珠如售完會以寒天、椰果補足。【大杯】總糖量71克、總熱量376大卡','',' $ 50'),(30,'0','晶鑽金桔凍飲','飲料','甜度固定，無法做調整 | 內含一份三寶 | 珍珠如售完會以寒天、椰果補足。【大杯】總糖量71克、總熱量381大卡','',' $ 50'),(31,'0','甘蔗金萱','飲料','甜度固定，無法做調整 | 【大杯】總糖量55克、總熱量222大卡','',' $ 50'),(32,'0','香橙金萱','飲料','季節限定 | 甜度固定，無法做調整 | 【大杯】總糖量55克、總熱量230大卡','',' $ 50'),(33,'0','四季春青茶','飲料','【冷飲】：總糖量64公克，總熱量242大卡【熱飲】：總糖量48公克，總熱量180大卡｜四季春青茶：臺灣｜飲咖啡因：184毫克，熱飲咖啡因：105毫克｜熱量及糖分克數皆以全糖計算','',' $ 42'),(34,'0','三韻紅萱','飲料','【冷飲】總糖量64公克．總熱量236大卡【熱飲】總糖量48公克．總熱量178大卡｜三韻紅萱：臺灣｜冷飲咖啡因：140毫克，熱飲咖啡因：117毫克｜熱量及糖分克數皆以全糖計算','',' $ 48'),(35,'0','老欉鐵觀音','飲料','【冷飲】總糖量76公克．總熱量283大卡【熱飲】總糖量49公克．總熱量171大卡｜老欉鐵觀音：臺灣｜冷飲咖啡因：156毫克，熱飲咖啡因：130毫克｜熱量及糖分克數皆以全糖計算','',' $ 42'),(36,'0','極品紅茶','飲料','【冷飲22oz】總糖量76公克．總熱量286大卡【熱飲16oz】總糖量49公克．總熱量182大卡｜紅茶：斯里蘭卡｜冷飲咖啡因：200毫克，熱飲咖啡因：167毫克｜熱量及糖分克數皆以全糖計算','',' $ 36'),(37,'0','紅水烏龍','飲料','【冷飲】總糖量65公克．總熱量241大卡【熱飲】總糖量49公克．總熱量179大卡｜紅水鳥龍：臺灣｜冷飲咖啡因：286毫克，熱飲咖啡因：163毫克｜熱量及糖分克數皆以全糖計算','',' $ 48'),(38,'0','翡翠綠茶','飲料','【冷飲】總糖量77公克．總熱量284大卡【熱飲】總糖量49公克．總熱量181大卡｜翡翠綠茶：越南｜冷飲咖啡因：177毫克，熱飲咖啡因：148毫克｜熱量及糖分克數皆以全糖計算','',' $ 36'),(39,'0','蜂蜜綠茶','飲料','【冷飲】：總糖3公克，總熱量138大卡｜翡翠綠茶：越南｜冷飲咖啡因：184毫克｜熱量及糖分克數皆以全糖計算','',' $ 54'),(40,'0','蜂蜜四季春','飲料','【冷飲】：總糖4公克，總熱量137大卡｜四季春青茶：臺灣｜冷飲咖啡因：177毫克｜熱量及糖分克數皆以全糖計算','',' $ 60'),(41,'0','三十三茶王','飲料','【冷飲22oz】總糖量64公克．總熱量241大卡【熱飲16oz】總糖量48公克．總熱量179大卡｜推薦｜茶葉產地:臺灣｜冷飲咖啡因：117毫克，熱飲咖啡因：97毫克｜熱量及糖分克數皆以全糖計算','',' $ 50'),(42,'0','秀水旺梨春','飲料','【冷飲】總糖量96公克．總熱量371大卡｜四季春青茶：臺灣｜冷飲咖啡因：132毫克｜熱量及糖分克數皆以全糖計算','',' $ 78'),(43,'0','阿源楊桃【紅茶】','飲料','【冷飲】總糖量84公克．總熱量338大卡【熱飲】總糖量67公克．總熱量275大卡｜紅茶：斯里蘭卡｜冷飲咖啡因：125毫克，熱飲咖啡因：100毫克｜熱量及糖分克數皆以全糖計算','',' $ 60'),(44,'0','阿源楊桃【翡翠】','飲料','【冷飲】總糖量84公克．總熱量337大卡【熱飲】總糖量67公克．總熱量274大卡｜翡翠綠茶：越南｜冷飲咖啡因：111毫克，熱飲咖啡因：89毫克｜熱量及 糖分克數皆以全糖計算','',' $ 60'),(45,'0','楊桃雷夢','飲料','【冷飲】總糖量99公克．總熱量392大卡｜紅茶：斯里蘭卡｜冷飲咖啡因：42毫克｜熱量及糖分克數皆以全糖計算','',' $ 66'),(46,'0','冬瓜雷夢','飲料','【冷飲】總糖量84公克．總熱量329大卡｜老欉鐵觀音：臺灣｜冷飲咖啡因：33毫克｜熱量及糖分克數皆以全糖計算','',' $ 66'),(47,'0','冬瓜鐵觀音','飲料','【冷飲】：總糖量73公克，總熱量288大卡【熱飲】：總糖量60公克，總熱量240大卡｜老欉鐵觀音：臺灣｜冷飲咖啡因：65毫克，熱飲咖啡因：65毫克｜熱量及糖分克數皆以全糖計算','',' $ 54'),(48,'0','豆漿紅茶','飲料','【冷飲22oz】總糖量75公克．總熱量334大卡【熱飲16oz】總糖量47公克．總熱量232大卡｜紅茶：斯里蘭卡｜冷飲咖啡因：125毫克｜熱量及糖分克數皆以 全糖計算','',' $ 48'),(49,'0','珍珠奶茶','飲料','【冷飲22oz】總糖量83公克．總熱量787大卡【熱飲16oz】總糖量57公克．總熱量528大卡｜茶葉產地:斯里蘭卡｜飲咖啡因：150毫克，熱飲咖啡因：250毫 克｜熱量及糖分克數皆以全糖計算','',' $ 60'),(50,'0','極品奶茶【紅茶】','飲料','【冷飲】總糖量106公克．總熱量599大卡【熱飲】總糖量73公克．總熱量412大卡｜紅茶：斯里蘭卡｜熱量及糖分克數皆以全糖計算','',' $ 54'),(51,'0','極品奶茶【翡翠】','飲料','【冷飲】總糖量106公克．總熱量598大卡【熱飲】總糖量73公克．總熱量409大卡｜翡翠綠茶：越南｜熱量及糖分克數皆以全糖計算','',' $ 54'),(52,'0','極品奶茶【鐵觀音】','飲料','【冷飲】總糖量105公克．總熱量597大卡【熱飲】總糖量71公克．總熱量408大卡｜老欉鐵觀音：臺灣｜熱量及糖分克數皆以全糖計算','',' $ 54'),(53,'0','金桔拜觀音','飲料','【冷飲】總糖量99公克．總熱量340大卡｜老欉鐵觀音：臺灣｜冷飲咖啡因：98毫克｜熱量及糖分克數皆以全糖計算','',' $ 66'),(54,'0','鮮果百香【紅茶】','飲料','【冷飲】總糖量119公克．總熱量451大卡｜紅茶：斯里蘭卡｜冷飲咖啡因：167毫克｜熱量及糖分克數皆以全糖計算','',' $ 66'),(55,'0','鮮果百香【翡翠】','飲料','【冷飲】總糖量118公克．總熱量450大卡｜翡翠綠茶：越南｜冷飲咖啡因：148毫克｜熱量及糖分克數皆以全糖計算','',' $ 66'),(56,'0','翡翠雷夢','飲料','【冷飲】總糖量115公克．總熱量424大卡｜翡翠綠茶：越南｜冷飲咖啡因：148毫克｜熱量及糖分克數皆以全糖計算','',' $ 66'),(57,'0','香柚雷夢綠','飲料','【冷飲】總糖量59公克．總熱量256大卡｜翡翠綠茶：越南｜冷飲咖啡因：126毫克｜熱量及糖分克數皆以全糖計算','',' $ 78'),(58,'0','蜂蜜雷夢','飲料','【冷飲】總糖量55公克．總熱量322大卡｜此產品無另外添加茶｜冷飲咖啡因：0毫克｜熱量及糖分克數皆以全糖計算','',' $ 72'),(59,'0','雷夢蘆薈蜜','飲料','【冷飲】總糖量55公克．總熱量315大卡｜此產品無另外添加茶｜冷飲咖啡因：0毫克｜熱量及糖分克數皆以全糖計算','',' $ 78'),(60,'0','柳丁翡翠','飲料','【冷飲】總糖量106公克．總熱量397大卡｜翡翠綠茶：越南｜冷飲咖啡因：103毫克｜熱量及糖分克數皆以全糖計算','',' $ 66'),(61,'0','蘋果紅萱','飲料','【冷飲22oz】總糖量105公克．總熱量360大卡｜推薦｜茶葉產地:臺灣｜冷飲咖啡因：94毫克，熱飲咖啡因：140毫克｜熱量及糖分克數皆以全糖計算','',' $ 68'),(62,'0','紫葡蘆薈春','飲料','【冷飲】：總糖量101公克，總熱量377大卡｜四季春青茶：臺灣｜冷飲咖啡因：126毫克｜熱量及糖分克數皆以全糖計算','',' $ 83'),(63,'0','愛文芒果冰沙','飲料','｜固定冰量｜以真果肉、鮮美味，最真實的愛文芒果製作而成，冰沙沁涼入口、芒果鮮甜好喝！是大苑子每年夏季必喝的經典！方糖量 17.2顆, 總熱量 417大卡。','',' $ 135'),(64,'0','愛文翡翠','飲料','以真果肉、鮮美味，最真實的愛文芒果製作而成，結合清爽翡翠，香氣獨特帶尾韻！是清爽系的暢銷飲品！方糖量 12.2顆, 總熱量 271大卡。','',' $ 85'),(65,'0','芭樂梅','飲料','嚴選彰化芭樂搭配特調梅汁，快速補充每日C。方糖量10顆，總熱量241大卡','',' $ 75'),(66,'0','番茄梅','飲料','新鮮聖女小番茄搭配特調梅汁, 微冰沙口感。方糖量 21 顆, 總熱量 404 大卡。','',' $ 75'),(67,'0','蜂蜜檸檬','飲料','「蜂蜜甜度固定」蜂蜜檸檬含有維生素C，提高免疫力。方糖量7顆，總熱量176大卡','',' $ 85'),(68,'0','中-天天5蔬果汁','飲料','「固定去冰」依季節調整的五種新鮮蔬果，搭配純正蜂蜜，天天都要喝健康跟著我~方糖量5顆，總熱量122大卡','',' $ 70'),(69,'0','旺來翡翠','飲料','｜固定冰量｜台農17，春蜜香甜加上翡翠，更添清爽!。方糖量 16.2顆, 總熱量 361大卡。','',' $ 85'),(70,'0','芭梨戀人','飲料','金鑽鳳梨搭配珍珠芭樂，酸甘且香甜。方糖量 15.8顆, 總熱量 367大卡。','',' $ 85'),(71,'0','春熙柳橙翡翠','飲料','封藏柳橙鮮甜滋味，搭配翡翠和百香，這是一杯甜韻獨特，帶點微酸的浪漫飲品！方糖量 11.8顆, 總熱量 253大卡。','',' $ 85'),(72,'0','芭樂檸檬','飲料','嚴選彰化芭樂搭配屏東九如檸檬，去油解膩最佳首選。方糖量14顆，總熱量333大卡','',' $ 75'),(73,'0','芭樂梅','飲料','嚴選彰化芭樂搭配特調梅汁，快速補充每日C。方糖量10顆，總熱量241大卡','',' $ 75'),(74,'0','番茄梅','飲料','新鮮聖女小番茄搭配特調梅汁, 微冰沙口感。方糖量 21 顆, 總熱量 404 大卡。','',' $ 75'),(163,'功夫茶',' 功夫茶王','飲料',' ∥大杯∥無糖限定∥手採阿里山高山茶葉，細火慢焙，喉韻甘醇，滑順不張揚。','https://images.deliveryhero.io/image/fd-tw/Products/18006737.jpg','44'),(164,'功夫茶',' 寒天柚香飲','飲料',' ∥大杯∥以酸甜葡萄柚綠茶為基底加上低熱量寒天晶球，清爽少負擔。','https://images.deliveryhero.io/image/fd-tw/Products/28595950.jpg','42'),(165,'功夫茶',' 芝士奶蓋翠玉','飲料',' ∥大杯∥茉莉花香綠茶加上鹹香馥郁的芝士厚奶蓋，不知不覺一飲而盡。','https://images.deliveryhero.io/image/fd-tw/Products/28595950.jpg','46'),(166,'功夫茶',' 紅豆粉粿鮮奶','飲料',' ∥大杯∥甜度冰塊固定∥復刻經典甜品 (紅豆粉粿冰棒)軟、綿、鬆、香的蜜紅豆與 Q 彈粉粿，與滑順的濃醇鮮奶包覆著古早味。','https://images.deliveryhero.io/image/fd-tw/Products/28595950.jpg','45'),(167,'功夫茶',' 冰淇淋雪藏紅茶','飲料',' ∥大杯∥產於零下的冰淇淋，邂逅紅茶，醇濃與清爽完美並存。','https://images.deliveryhero.io/image/fd-tw/Products/28595950.jpg','60'),(168,'功夫茶',' 輕飲水果茶王','飲料',' ∥大杯∥頂級四季青茶加上多種新鮮水果及高纖、低熱量的羅勒子。','https://images.deliveryhero.io/image/fd-tw/Products/17789449.jpg','59'),(169,'功夫茶',' 岩葉紅茶','飲料',' ∥大杯∥選用錫蘭紅茶，茶感濃韻，茶味香醇而紮實，建議喝正常蜜或無蜜若要調整建議少蜜。','https://images.deliveryhero.io/image/fd-tw/Products/17789458.jpg','40'),(170,'功夫茶',' 翠玉綠茶','飲料',' ∥大杯∥嚴選臺灣蒸青綠茶經過 2 次薰花帶出濃郁香氣。',' https://images.deliveryhero.io/image/fd-tw/Products/2557666.jpg','47'),(171,'功夫茶',' 四季春青茶','飲料',' ∥大杯∥四季春青茶是功夫茶的經典原味茶採用臺灣高山茶，清香回甘。','https://images.deliveryhero.io/image/fd-tw/Products/2557667','42'),(172,'功夫茶',' 重焙鐵觀音','飲料',' ∥大杯∥正欉鐵觀音，茶湯入喉，生津止渴。','https://images.deliveryhero.io/image/fd-tw/Products/17789461.jpg','53'),(173,'功夫茶',' 手作冬瓜茶','飲料',' ∥大杯∥甜度固定∥台灣古早味飲料，香甜爽口，清涼解渴。',' https://images.deliveryhero.io/image/fd-tw/Products/29251597.jpg','50'),(174,'功夫茶',' 阿里山雲霧冰茶','飲料',' ∥大杯∥屬於烏龍的一種，香氣淡雅、茶湯甘甜且富含兒茶素。正常比例喝起來會有清甜蔗香味無糖可以喝到純正的茶味。',' https://images.deliveryhero.io/image/fd-tw/Products/17789463.jpg','45'),(175,'功夫茶',' 芝士鐵觀音','飲料',' ∥大杯∥微鹹的綿密芝士厚奶蓋加入深焙鐵觀音茶香韻味。','https://images.deliveryhero.io/image/fd-tw/Products/17789450.jpg','43'),(176,'功夫茶',' 芝士四季青','飲料',' ∥大杯∥微鹹的綿密芝士厚奶蓋加入招牌青茶，茶香韻味十足清爽。','https://images.deliveryhero.io/image/fd-tw/Products/17789454.jpg','53'),(177,'功夫茶',' 芝士日月潭紅玉','飲料',' ∥大杯∥微鹹的芝士厚奶蓋搭配日月潭紅茶。','https://images.deliveryhero.io/image/fd-tw/Products/17789455.jpg','51'),(178,'功夫茶',' 芝士伯爵紅茶','飲料',' ∥大杯∥自帶香氣的伯爵茶加上濃郁芝士厚奶蓋。','https://images.deliveryhero.io/image/fd-tw/Products/24131288.jpg','49'),(179,'水項茶弄(台中中清店)',' 珍珠奶茶','飲料',' 【大杯】總糖量49公克．總熱量626大卡',' https://images.deliveryhero.io/image/fd-tw/Products/3199444.jpg','55'),(180,'水項茶弄(台中中清店)',' 經典奶茶','飲料',' 【大杯】總糖量49公克．總熱量533大卡',' https://images.deliveryhero.io/image/fd-tw/Products/3199445.jpg','46'),(181,'水項茶弄(台中中清店)',' 椰果奶茶','飲料',' 【大杯】總糖量73公克．總熱量634大卡',' https://images.deliveryhero.io/image/fd-tw/Products/3199446.jpg','47'),(182,'水項茶弄(台中中清店)',' 手作布丁奶茶','飲料',' 【大杯】總糖量75公克．總熱量639大卡｜香濃奶茶＋爆量布丁，幸福滿滿',' https://images.deliveryhero.io/image/fd-tw/Products/3199447.jpg','52'),(183,'水項茶弄(台中中清店)',' 珍珠布丁奶茶','飲料',' 【大杯】總糖量70公克．總熱量673大卡｜香濃奶茶＋布丁+珍珠，幸福滿滿',' https://images.deliveryhero.io/image/fd-tw/Products/3199448.jpg','50'),(184,'水項茶弄(台中中清店)',' 相思逗珍奶','飲料',' 【大杯】總糖量66公克．總熱量663大卡｜手工紅豆+白玉珍珠，幸福滿滿',' https://images.deliveryhero.io/image/fd-tw/Products/3199449.jpg','60'),(185,'水項茶弄(台中中清店)',' 爵士巧克力','飲料',' 【大杯】總糖量48公克．總熱量531大卡',' https://images.deliveryhero.io/image/fd-tw/Products/3199450.jpg','43'),(186,'水項茶弄(台中中清店)',' 曼特寧咖啡','飲料',' 【大杯】總糖量52公克．總熱量652大卡｜紅燈201毫克以上',' https://images.deliveryhero.io/image/fd-tw/Products/3199451.jpg','47'),(187,'水項茶弄(台中中清店)',' 黑糖薑母奶','飲料',' 【大杯】總糖量81公克．總熱量573大卡',' https://images.deliveryhero.io/image/fd-tw/Products/3199487.jpg','42'),(188,'水項茶弄(台中中清店)',' 珍珠紅茶拿鐵','飲料',' 【大杯】總糖量53公克．總熱量487大卡｜選用光泉鮮奶+白玉珍珠',' https://images.deliveryhero.io/image/fd-tw/Products/3199452.jpg','51'),(189,'水項茶弄(台中中清店)',' 紅茶拿鐵','飲料',' 【大杯】總糖量54公克．總熱量329大卡｜選用光泉鮮奶',' https://images.deliveryhero.io/image/fd-tw/Products/3199453.jpg','49'),(190,'水項茶弄(台中中清店)',' 抹茶拿鐵','飲料',' 【大杯】總糖量52公克．總熱量334大卡｜選用日本靜岡抹茶+選用光泉鮮奶',' https://images.deliveryhero.io/image/fd-tw/Products/3199454.jpg','41'),(191,'水項茶弄(台中中清店)',' 紅豆抹茶拿鐵','飲料',' 【大杯】總糖量85公克．總熱量563大卡｜選用日本靜岡抹茶+手工紅豆+選用光泉鮮奶',' https://images.deliveryhero.io/image/fd-tw/Products/3199455.jpg','40'),(192,'水項茶弄(台中中清店)',' 紅豆沙鮮奶露','飲料',' 【大杯】總糖量83公克．總熱量556大卡｜手工紅豆+選用光泉鮮奶',' https://images.deliveryhero.io/image/fd-tw/Products/3199456.jpg','42'),(193,'水項茶弄(台中中清店)',' 綠豆鮮奶冰沙','飲料',' 【大杯】總糖量67公克．總熱量535大卡｜冰沙｜手工綠豆+選用光泉鮮奶｜【季節限定4/1~10/31】',' https://images.deliveryhero.io/image/fd-tw/Products/3199457.jpg','50'),(194,'水項茶弄(台中中清店)',' 芋頭鮮奶露','飲料',' 【大杯】總糖量50公克．總熱量579大卡｜甜度固定｜手工芋頭+選用光泉鮮奶',' https://images.deliveryhero.io/image/fd-tw/Products/3199458.jpg','46'),(195,'水項茶弄(台中中清店)',' 珍珠鮮奶','飲料',' 【大杯】總糖量48公克．總熱量568大卡｜白玉珍珠+選用光泉鮮奶',' https://images.deliveryhero.io/image/fd-tw/Products/3199459.jpg','46'),(196,'無飲(台中中原店)',' 霧香紅茶','飲料','',' https://images.deliveryhero.io/image/fd-tw/Products/48634230.jpg','43'),(197,'無飲(台中中原店)',' 茉香綠茶','飲料','',' https://images.deliveryhero.io/image/fd-tw/Products/48634222.jpg','56'),(198,'無飲(台中中原店)',' 金萱青茶','飲料',' 店長推薦',' https://images.deliveryhero.io/image/fd-tw/Products/48634229.jpg','57'),(199,'無飲(台中中原店)',' 焙火烏龍茶','飲料',' 店長推薦',' https://images.deliveryhero.io/image/fd-tw/Products/48634226.jpg','44'),(200,'無飲(台中中原店)',' 炭燒鐵觀音','飲料','',' https://images.deliveryhero.io/image/fd-tw/Products/48634224.jpg','40'),(201,'無飲(台中中原店)',' 彌香普洱茶','飲料','',' https://images.deliveryhero.io/image/fd-tw/Products/48634225.jpg','46'),(202,'不要對我尖叫(勤美店)',' 荔枝玫瑰鹽俏皮 feat.海尼根 0.0','飲料',' 甜度、冰度固定、不可額外加配料。總熱量為198.3大卡。',' https://images.deliveryhero.io/image/fd-tw/Products/51088911.jpg','55'),(203,'不要對我尖叫(勤美店)',' 蜂蜜調皮 feat.海尼根 0.0','飲料',' 甜度、冰度固定、不可額外加配料。總熱量為168.6大卡。',' https://images.deliveryhero.io/image/fd-tw/Products/51088914.jpg','54'),(204,'不要對我尖叫(勤美店)',' 茉莉綠茶','飲料',' 【中杯】總熱量100大卡【大杯】總熱量140大卡',' https://images.deliveryhero.io/image/fd-tw/LH/7148207.jpg','57'),(205,'不要對我尖叫(勤美店)',' 皇室伯爵茶','飲料',' 【中杯】總熱量100大卡【大杯】總熱量140大卡',' https://images.deliveryhero.io/image/fd-tw/LH/7148669.jpg','53'),(206,'不要對我尖叫(勤美店)',' 桂花紅茶歐蕾','飲料',' 【中杯】總熱量137.1大卡【大杯】總熱量181大卡',' https://images.deliveryhero.io/image/fd-tw/LH/7148219.jpg','55'),(207,'不要對我尖叫(勤美店)',' 蜂蜜普洱茶歐蕾','飲料',' 【中杯】總熱量179.9大卡【大杯】總熱量247.5大卡｜溫熱飲蜂蜜會更換蔗糖',' https://images.deliveryhero.io/image/fd-tw/LH/7148222.jpg','45'),(208,'不要對我尖叫(勤美店)',' 香檸冬瓜','飲料',' 【中杯】總熱量109.9大卡【大杯】總熱量154.2大卡｜甜度固定',' https://images.deliveryhero.io/image/fd-tw/LH/28753707.jpg','59'),(209,'不要對我尖叫(勤美店)',' 紅柚翡翠綠','飲料',' 【中杯】總熱量93.8大卡【大杯】總熱量131.7大卡',' https://images.deliveryhero.io/image/fd-tw/LH/28753709.jpg','41'),(210,'不要對我尖叫(勤美店)',' 美式','飲料',' 【中杯】總熱量16大卡',' https://images.deliveryhero.io/image/fd-tw/LH/20493396.jpg','58'),(211,'不要對我尖叫(勤美店)',' 拿鐵','飲料',' 【中杯】總熱量194.9大卡',' https://images.deliveryhero.io/image/fd-tw/LH/20493397.jpg','54'),(212,'武林茶(勤美店)',' 凍頂山烏龍茶','飲料',' 喫茶人最愛，茶湯:略重香醇甘【大杯】總糖量45公克．總熱量191大卡｜茶葉產地:台灣',' https://images.deliveryhero.io/image/fd-tw/Products/2594382.jpg','43'),(213,'武林茶(勤美店)',' 杉夏露高山青茶','飲料',' 解肉類油膩，茶湯:清香回甘【大杯】總糖量45公克．總熱量191大卡｜茶葉產地:台灣',' https://images.deliveryhero.io/image/fd-tw/Products/2594383.jpg','42'),(214,'武林茶(勤美店)',' 臺灣四季春','飲料',' 解鍋物類食物味，茶湯:淡雅菁香【大杯】總糖量45公克．總熱量191大卡｜茶葉產地:台灣',' https://images.deliveryhero.io/image/fd-tw/Products/2594384.jpg','59'),(215,'武林茶(勤美店)',' 金萱烏龍','飲料',' 消除甜點膩食感，茶湯:淡雅奶香【大杯】總糖量45公克．總熱量191大卡｜茶葉產地:台灣',' https://images.deliveryhero.io/image/fd-tw/Products/2594385.jpg','54'),(216,'武林茶(勤美店)',' 凍頂碳焙烏龍','飲料',' 解重口感食物味，茶湯:焙茶咖啡香【大杯】總糖量45公克．總熱量191大卡｜茶葉產地:台灣',' https://images.deliveryhero.io/image/fd-tw/Products/2594386.jpg','47'),(217,'武林茶(勤美店)',' 黑紅茶','飲料',' 不澀口可隨時暢飲，茶湯:帶微蜜香味【大杯】總糖量45公克．總熱量191大卡｜茶葉產地:台灣',' https://images.deliveryhero.io/image/fd-tw/Products/2594387.jpg','54'),(218,'武林茶(勤美店)',' 翡冷綠','飲料',' 解渴不澀口，茶湯:清香略厚甘【大杯】總糖量45公克．總熱量191大卡｜茶葉產地:台灣',' https://images.deliveryhero.io/image/fd-tw/Products/2594388.jpg','53'),(219,'武林茶(勤美店)',' 翠玉迎春','飲料',' 解海鮮肉類腥羶味，茶湯:鮮醇甘美)【大杯】總糖量45公克．總熱量191大卡｜茶葉產地:台灣',' https://images.deliveryhero.io/image/fd-tw/Products/2943531.jpg','46'),(220,'武林茶(勤美店)',' 凍春山【開運水果茶】','飲料',' 【大杯】總糖量60公克．總熱量339大卡｜凍頂烏龍、春芽金桔、招財蘋果、黃金柳橙、數錢百香、水晶蘆薈',' https://images.deliveryhero.io/image/fd-tw/Products/2594432.jpg','42'),(221,'武林茶(勤美店)',' 凍頂紅鑽葡萄柚','飲料',' 凍頂山烏龍＋鮮剝葡萄柚果粒【大杯】總糖量85公克．總熱量421大卡｜限冰飲',' https://images.deliveryhero.io/image/fd-tw/Products/2594437.jpg','54'),(222,'武林茶(勤美店)',' 蜜香甘蔗紅【甜冰固定】','飲料',' 蜜香黑紅茶＋100％白甘蔗汁【大杯】總糖量31公克．總熱量193大卡',' https://images.deliveryhero.io/image/fd-tw/Products/2594434.jpg','42'),(223,'武林茶(勤美店)',' 杉夏露甘蔗青【甜冰固定】','飲料',' 高山青茶＋100％白甘蔗汁【大杯】總糖量31公克．總熱量193大卡',' https://images.deliveryhero.io/image/fd-tw/Products/2594433.jpg','47'),(224,'武林茶(勤美店)',' 杉夏露柳橙青【加厚好喝】','飲料',' 使用臺灣真柳橙【大杯】總糖量56公克．總熱量310大卡',' https://images.deliveryhero.io/image/fd-tw/Products/2594435.jpg','57'),(225,'武林茶(勤美店)',' 金萱鮮橙百香飲','飲料',' 金萱茶搭配100%鮮橙原汁、百香果粒原汁、鮮剝葡萄柚果粒【大杯】總糖量73公克．總熱量399大卡 | 限冰飲',' https://images.deliveryhero.io/image/fd-tw/Products/2594436.jpg','48'),(226,'武林茶(勤美店)',' 黑紅檸檬茶','飲料',' 蜜香黑紅茶＋手工鮮搾檸檬【大杯】總糖量83公克．總熱量438大卡',' https://images.deliveryhero.io/image/fd-tw/Products/2594441.jpg','40'),(227,'武林茶(勤美店)',' 凍頂山檸檬茶','飲料',' 凍頂山烏龍茶＋手工鮮搾檸檬【大杯】總糖量83公克．總熱量438大卡 | 限冰飲',' https://images.deliveryhero.io/image/fd-tw/Products/2594440.jpg','57'),(228,'武林茶(勤美店)',' 凍頂烏龍梅果','飲料',' 凍頂山烏龍茶搭配特製梅汁＋3顆爽口脆梅【大杯】總糖量48公克．總熱量336大卡｜限冰飲',' https://images.deliveryhero.io/image/fd-tw/Products/2594459.jpg','48'),(229,'武林茶(勤美店)',' 青梅胭脂紅','飲料',' 蜜香黑紅茶搭配特製梅汁＋3顆爽口脆梅【大杯】總糖量48公克．總熱量336大卡｜限冰飲',' https://images.deliveryhero.io/image/fd-tw/Products/32810675.jpg','54'),(230,'露易莎(成功店)',' 黑可可知心貝果','飲料',' 巧克力內餡｜奶素。',' https://images.deliveryhero.io/image/fd-tw/Products/31408661.jpg','56'),(231,'露易莎(成功店)',' 麥香知心黃金流沙貝果','飲料',' 奶皇流沙內餡(含鹹蛋黃)｜蛋奶素。',' https://images.deliveryhero.io/image/fd-tw/Products/31408662.jpg','51'),(232,'露易莎(成功店)',' 抹茶知心雙色乳酪貝果','飲料',' 雙色乳酪丁內餡｜奶素。',' https://images.deliveryhero.io/image/fd-tw/Products/31408663.jpg','49'),(233,'露易莎(成功店)',' 紫薯知心貝果','飲料',' 紫薯泥內餡｜奶素。',' https://images.deliveryhero.io/image/fd-tw/Products/31408665.jpg','42'),(234,'露易莎(成功店)',' 起司知心雙色乳酪貝果','飲料',' 雙色乳酪丁內餡｜奶素。',' https://images.deliveryhero.io/image/fd-tw/Products/31408666.jpg','50'),(235,'露易莎(成功店)',' 墨魚明太子貝果','飲料',' 明太子內餡｜葷。',' https://images.deliveryhero.io/image/fd-tw/Products/31408667.jpg','48'),(236,'露易莎(成功店)',' 莊園級拿鐵','飲料',' 中杯正常冰-總糖量:39.6公克、總熱量:267.7大卡｜中杯熱-總糖量:25.1公克、總熱量:214.3大卡｜大杯正常冰-總糖量:54.4公克、總熱量:381.5大卡｜大杯熱-總糖量:33.6公克、總熱量:290大卡｜中杯、大杯-咖啡因含量:紅201mg/杯以上｜奶泡經由外送過程而消泡屬正常現象。',' https://images.deliveryhero.io/image/fd-tw/Products/18246941.jpg','40'),(237,'露易莎(成功店)',' 澳洲小拿鐵 8oz','飲料',' 熱飲｜8oz熱-總糖量:8.5公克、總熱量:125.1大卡｜咖啡因含量:黃101-200mg/杯｜奶泡經由外送過程而消泡屬正常現象｜糖包1包4公克糖，所含熱量16大卡。',' https://images.deliveryhero.io/image/fd-tw/Products/18246942.jpg','45'),(238,'露易莎(成功店)',' 莊園級美式','飲料',' 中杯正常冰、熱-總糖量:0、總熱量:15.5大卡｜大杯正常冰、熱-總糖量:0、總熱量:23.2大卡｜中杯、大杯-咖啡因含量:紅201mg/杯以上。',' https://images.deliveryhero.io/image/fd-tw/Products/18246943.jpg','44'),(239,'清心(教育大學店)',' 優多綠茶','飲料',' 總糖量72總熱量330｜清爽醇和的「特級綠茶」，加入酸甜香濃的「清心優多」，對味爽口，共譜完美口感協奏曲。',' https://images.deliveryhero.io/image/fd-tw/Products/49400737.jpg','51'),(240,'清心(教育大學店)',' 烏龍綠茶','飲料',' 【M】總糖量34總熱量149、【L】總糖量51總熱量226｜澄澈的黃褐色茶湯，入口清新芳香、甘醇渾厚，微有炭燒味，回甘馥郁而綿長。',' https://images.deliveryhero.io/image/fd-tw/Products/49400897.jpg','50'),(241,'清心(教育大學店)',' 鮮奶茶【紅茶拿鐵】','飲料',' 【M】總糖量40總熱量247、【L】總糖量61總熱量375｜醇雅「錫蘭紅茶」結合優質「崙背鮮乳」／「瑞穗鮮乳」，茶味、乳香完美交融，口感香醇滑潤。',' https://images.deliveryhero.io/image/fd-tw/Products/49401074.jpg','52'),(242,'清心(教育大學店)',' 【隱藏版】珍珠蜂蜜鮮奶普洱','飲料',' 【M】總糖量46總熱量356、【L】總糖量70總熱量541｜渾厚甘醇的「特選普洱」，溶入濃郁「崙背鮮乳」／「瑞穗鮮乳」、香甜「龍眼花蜜」，再加入Q彈綿密的珍珠，共創芳醇鮮甜、富潤厚實的奢華口感。',' https://images.deliveryhero.io/image/fd-tw/Products/49401245.jpg','50'),(243,'清心(教育大學店)',' 珍珠奶茶','飲料',' 【M】總糖量33總熱量475【L】總糖量50總熱量720｜醲醇芳香的「錫蘭奶紅」，加入滑溜Q彈、綿密紮實、圓潤飽滿、亮澤水嫩的「珍珠」，柔順豐厚口感於咀嚼之間更上一層樓。',' https://images.deliveryhero.io/image/fd-tw/Products/49401369.jpg','56'),(244,'清心(教育大學店)',' 冬瓜檸檬','飲料',' 總糖量61總熱量261｜「清心冬瓜露」混搭新鮮檸檬原汁，挑逗味蕾，激盪出又甜又酸、甜中帶酸的奇妙口感。',' https://images.deliveryhero.io/image/fd-tw/Products/49401487.jpg','43'),(245,'清心(教育大學店)',' 鳳梨紅茶','飲料',' 【M】總糖量50總熱量207、【L】總糖量75總熱量314｜清雅厚實的錫蘭紅茶，搭配香甜可口的南投產金鑽鳳梨（40%） 與土鳳梨（60%） ，順口對味，甜美豐潤沁人心脾。',' https://images.deliveryhero.io/image/fd-tw/Products/49401701.jpg','57'),(246,'清心(教育大學店)',' 烏龍綠茶','飲料',' 【M】總糖量34總熱量149、【L】總糖量51總熱量226｜澄澈的黃褐色茶湯，入口清新芳香、甘醇渾厚，微有炭燒味，回甘馥郁而綿長。',' https://images.deliveryhero.io/image/fd-tw/Products/48484320.jpg','60'),(247,'清心(教育大學店)',' 特級綠茶','飲料',' 【M】總糖量30總熱量135、【L】總糖量46總熱量205｜嫩黃微綠的明澈茶湯，醇和清爽的茶味，清雅芬馥的茶香，回甘尾韻豐厚而深細。',' https://images.deliveryhero.io/image/fd-tw/Products/48484321.jpg','57'),(248,'清心(教育大學店)',' 錫蘭紅茶','飲料',' 【M】總糖量32總熱量139、【L】總糖量48總熱量211｜有如琥珀一般的紅褐色茶湯，清雅又厚實的茶味，略帶些許澀感，完美演繹錫蘭紅茶的經典風味。',' https://images.deliveryhero.io/image/fd-tw/Products/48484322.jpg','40'),(249,'清心(教育大學店)',' 極品菁茶','飲料',' 【M】總糖量34總熱量149、【L】總糖量51總熱量226｜金黃明淨的茶湯，清冽優雅的茶香，入口潤澤回甘，如此菁華極致，令人心曠神怡。',' https://images.deliveryhero.io/image/fd-tw/Products/48484323.jpg','53'),(250,'清心(教育大學店)',' 特選普洱','飲料',' 【M】總糖量30總熱量133、【L】總糖量46總熱量202｜茶湯呈深褐色，茶味濃烈甘醇，回味厚實，餘香悠長，忠實呈現正宗普洱茶特色。',' https://images.deliveryhero.io/image/fd-tw/Products/48484326.jpg','52');
/*!40000 ALTER TABLE `menu` ENABLE KEYS */;
UNLOCK TABLES;

--
-- Table structure for table `orderdetails`
--

DROP TABLE IF EXISTS `orderdetails`;
/*!40101 SET @saved_cs_client     = @@character_set_client */;
/*!40101 SET character_set_client = utf8 */;
CREATE TABLE `orderdetails` (
  `odId` int(11) NOT NULL AUTO_INCREMENT,
  `orderId` int(11) NOT NULL,
  `dish` varchar(100) NOT NULL,
  `amount` int(11) NOT NULL,
  `cost` int(11) NOT NULL,
  PRIMARY KEY (`odId`)
) ENGINE=InnoDB AUTO_INCREMENT=19 DEFAULT CHARSET=utf8mb4;
/*!40101 SET character_set_client = @saved_cs_client */;

--
-- Dumping data for table `orderdetails`
--

LOCK TABLES `orderdetails` WRITE;
/*!40000 ALTER TABLE `orderdetails` DISABLE KEYS */;
INSERT INTO `orderdetails` VALUES (11,1657761970,'珍珠奶茶',1,75),(12,1657761970,'椰果奶茶',2,60),(13,1657783689,'鮮奶茶',1,60),(14,1657783689,'多多綠',2,50),(15,1657783805,'清茶',1,60),(16,1657783805,'紅茶拿鐵',2,55),(17,1657783879,'珍珠奶茶',1,75),(18,1657783879,'紅茶拿鐵',3,55);
/*!40000 ALTER TABLE `orderdetails` ENABLE KEYS */;
UNLOCK TABLES;

--
-- Table structure for table `ordert`
--

DROP TABLE IF EXISTS `ordert`;
/*!40101 SET @saved_cs_client     = @@character_set_client */;
/*!40101 SET character_set_client = utf8 */;
CREATE TABLE `ordert` (
  `orderId` int(11) NOT NULL AUTO_INCREMENT,
  `restaurantId` int(11) NOT NULL,
  `uId` int(11) NOT NULL,
  `cost` int(11) NOT NULL,
  `freight` int(11) NOT NULL,
  `state` varchar(100) NOT NULL DEFAULT '未結帳',
  PRIMARY KEY (`orderId`)
) ENGINE=InnoDB AUTO_INCREMENT=1657783880 DEFAULT CHARSET=utf8mb4;
/*!40101 SET character_set_client = @saved_cs_client */;

--
-- Dumping data for table `ordert`
--

LOCK TABLES `ordert` WRITE;
/*!40000 ALTER TABLE `ordert` DISABLE KEYS */;
INSERT INTO `ordert` VALUES (1657761970,2,12,215,20,'未結帳'),(1657783689,1,12,180,20,'未結帳'),(1657783805,1,13,190,20,'未結帳'),(1657783879,1,13,360,20,'未結帳');
/*!40000 ALTER TABLE `ordert` ENABLE KEYS */;
UNLOCK TABLES;

--
-- Table structure for table `restaurant`
--

DROP TABLE IF EXISTS `restaurant`;
/*!40101 SET @saved_cs_client     = @@character_set_client */;
/*!40101 SET character_set_client = utf8 */;
CREATE TABLE `restaurant` (
  `id` int(11) NOT NULL AUTO_INCREMENT,
  `email` varchar(100) NOT NULL,
  `password` varchar(60) NOT NULL,
  `name` varchar(150) NOT NULL,
  `address` varchar(200) NOT NULL,
  `tel` varchar(20) NOT NULL,
  `description` varchar(500) DEFAULT NULL,
  `picture` varchar(500) DEFAULT NULL,
  `經度` varchar(50) DEFAULT NULL,
  `緯度` varchar(50) DEFAULT NULL,
  `category` varchar(100) DEFAULT NULL,
  PRIMARY KEY (`id`),
  UNIQUE KEY `email` (`email`)
) ENGINE=InnoDB AUTO_INCREMENT=4 DEFAULT CHARSET=utf8mb4;
/*!40101 SET character_set_client = @saved_cs_client */;

--
-- Dumping data for table `restaurant`
--

LOCK TABLES `restaurant` WRITE;
/*!40000 ALTER TABLE `restaurant` DISABLE KEYS */;
INSERT INTO `restaurant` VALUES (1,'company1@gmail.com','$2y$10$THeaLm6nzS4QJm3dUg0UB.E6vqRfwKjQVw0n0R1r5i0jXOhhp42S.','資策會商家','公益路二段51號','0934567890',NULL,NULL,NULL,NULL,NULL),(2,'Company2@gmail.com','$2y$10$WWwIEwsC7L3siegAt2OlGuYWNWR9Jb6YXhVXkBpRez/y.CniZ.MRi','資策會商家2','公益路二段51號1樓','0956231475',NULL,NULL,NULL,NULL,NULL),(3,'company3@gmail.com','$2y$10$9VlmboG8ikk3QE7m0eIsEOUX0PQukwMr5W4.03oRsFpmz9IzbNjiS','資策會商家3','公益路二段51號2樓','0956231476',NULL,NULL,NULL,NULL,NULL);
/*!40000 ALTER TABLE `restaurant` ENABLE KEYS */;
UNLOCK TABLES;

--
-- Table structure for table `restaurantcomment`
--

DROP TABLE IF EXISTS `restaurantcomment`;
/*!40101 SET @saved_cs_client     = @@character_set_client */;
/*!40101 SET character_set_client = utf8 */;
CREATE TABLE `restaurantcomment` (
  `commentId` int(255) NOT NULL AUTO_INCREMENT,
  `restaurant` varchar(300) DEFAULT NULL,
  `costomerName` varchar(300) DEFAULT NULL,
  `date` varchar(300) DEFAULT NULL,
  `comment` varchar(300) DEFAULT NULL,
  `rating` varchar(300) DEFAULT NULL,
  PRIMARY KEY (`commentId`)
) ENGINE=InnoDB AUTO_INCREMENT=56 DEFAULT CHARSET=utf8mb4;
/*!40101 SET character_set_client = @saved_cs_client */;

--
-- Dumping data for table `restaurantcomment`
--

LOCK TABLES `restaurantcomment` WRITE;
/*!40000 ALTER TABLE `restaurantcomment` DISABLE KEYS */;
INSERT INTO `restaurantcomment` VALUES (1,'小草食堂平價日式小吃','11','20220606','好吃','5'),(2,'小草食堂平價日式小吃','22','20220606','喔喔','2'),(3,'小草食堂平價日式小吃','33','20220607','西西','5'),(4,'小草食堂平價日式小吃','44','20220607','吃吃','4'),(5,'小草食堂平價日式小吃','55','20220608',' 資資 資','4'),(6,'小草食堂平價日式小吃','66','20220614','666','2'),(7,'50藍','77','20220612','讚','2'),(8,'50藍','88','20220605','噁以','3'),(9,'50藍','99','20221111','襖喔','5'),(10,'清新','1010','20221211','頁謝','4'),(11,'小草食堂平價日式小吃','','','小草食堂平價日式小吃',''),(42,'小草食堂平價日式小吃','','','87878787',''),(43,'','qwe','','qwe','4'),(44,'','qwe','','qwe',''),(45,'','asd','','asd',''),(46,'','qwe','','qwe',''),(47,'','eeeee','','eeeee','5'),(48,'','asd','','asd','1'),(49,'小草食堂平價日式小吃','5487','','5487','5'),(50,'小草食堂平價日式小吃a','qqqqq','','qqqqq','1'),(51,'','aaa','','aaa','2'),(52,'小草食堂平價日式小吃','8787','','66666666','4'),(53,'小草食堂平價日式小吃','alex','','好吃喔',''),(54,'小草食堂平價日式小吃','9999','','9999','3'),(55,'小草食堂平價日式小吃','d康','','878787878787878','5');
/*!40000 ALTER TABLE `restaurantcomment` ENABLE KEYS */;
UNLOCK TABLES;

--
-- Table structure for table `restaurants`
--

DROP TABLE IF EXISTS `restaurants`;
/*!40101 SET @saved_cs_client     = @@character_set_client */;
/*!40101 SET character_set_client = utf8 */;
CREATE TABLE `restaurants` (
  `Id` varchar(300) DEFAULT NULL,
  `Name` varchar(300) DEFAULT NULL,
  `Description` varchar(300) DEFAULT NULL,
  `Address` varchar(300) DEFAULT NULL,
  `Zipcode` varchar(300) DEFAULT NULL,
  `Region` varchar(300) DEFAULT NULL,
  `Town` varchar(300) DEFAULT NULL,
  `Tel` varchar(300) DEFAULT NULL,
  `Opentime` varchar(300) DEFAULT NULL,
  `Website` varchar(300) DEFAULT NULL,
  `Picture1` varchar(300) DEFAULT NULL,
  `Picdescribe1` varchar(300) DEFAULT NULL,
  `Picture2` varchar(300) DEFAULT NULL,
  `Picdescribe2` varchar(300) DEFAULT NULL,
  `Picture3` varchar(300) DEFAULT NULL,
  `Picdescribe3` varchar(300) DEFAULT NULL,
  `Px` varchar(300) DEFAULT NULL,
  `Py` varchar(300) DEFAULT NULL,
  `Class` varchar(300) DEFAULT NULL,
  `Map` varchar(300) DEFAULT NULL,
  `Parkinginfo` varchar(300) DEFAULT NULL
) ENGINE=InnoDB DEFAULT CHARSET=utf8mb4;
/*!40101 SET character_set_client = @saved_cs_client */;

--
-- Dumping data for table `restaurants`
--

LOCK TABLES `restaurants` WRITE;
/*!40000 ALTER TABLE `restaurants` DISABLE KEYS */;
INSERT INTO `restaurants` VALUES ('1','龍潭豆花','龍潭豆花只賣一種東西，也就是現點現做的古早味豆花，讓饕客把味蕾的重點回歸到豆花本身，豆花滑順綿密，比例調配得很好，帶著微微焦香，豆花出自店家自製，有著自己的特色。','臺北市中正區汀州路三段239號','','臺北市','中正區','','無','','','','','','','','121.5341','25.01392','5','','N/A'),('2','望海巴耐餐廳/咖啡','非常有特色的原住民餐點餐廳，位於台十一線8K區段上，是東海岸行經花蓮大橋進入東海岸國家風景區之後，花蓮遊客中心前，第一家餐飲服務業者；業者於建物外部以當地竹子搭蓋起大門及挑高竹亭，呈顯其自然風格建築形式是其特色。望海巴耐野菜餐廳位於台十一線8K區段上，是東海岸行經花蓮大橋進入東海岸國家風景區之後，花蓮遊客中心前，第一家餐飲服務業者；業者於建物外部以當地竹子搭蓋起大門及挑高竹亭，呈顯其自然風格建築形式是其特色。','花蓮縣974壽豐鄉鹽寮村大橋22號','974','花蓮縣','壽豐鄉','886-9-37533483','11:30 - 20:00','','https://www.eastcoast-nsa.gov.tw/image/41530/640x480','花蓮無敵海景咖啡餐廳-望海巴耐','','','','','121.60611','23.91895','09','',''),('3','噶瑪蘭海產店','沒有固定菜單，菜單依照時節隨時更新，主要客群來自附近居民及固定客戶，業者也和附近民宿配合，接待海天、118、沙漠風情、來去海邊等民宿的住房遊客。主要菜色為海鮮料理及噶瑪蘭風味料理，餐廳本身還有供簡易之餐飲服務，可容納約90~120人，這是一間原住民風格濃厚的餐廳。','花蓮縣977豐濱鄉新社村42號','977','花蓮縣','豐濱鄉','886-3-8711339','11:00 - 14:00、17:00 - 19:00','','https://www.eastcoast-nsa.gov.tw/image/51996/640x480','噶瑪蘭海產店','','','','','121.53779','23.65318','09','',''),('4','口福海鮮餐廳','位處石梯港邊，臨近昕陽餐廳，同時也是東部賞鯨一號的報名處，餐廳主要提供海鮮熱炒料理，室內空間可容納200人以上，淡季客源除了過路觀光客，主要接待當地及附近居民，旺季則以接待遊覽車團體客人為主，是吃飯加賞鯨的好所在。東海岸的石梯坪有湛藍的海景、豐富多樣的海產，口福海鮮餐廳就設在花蓮南區最大的石梯港旁，出產多種迴游魚類、底棲珊瑚礁魚類、東海岸龍蝦，每天早上自家的漁船出海捕撈最新鮮的海產，招牌餐點有生魚片、多種鮮魚料理、東海岸活龍蝦、新鮮鮑魚及各種山、海產料理，不僅品質極佳價錢更是經濟實惠，保證讓您大飽口福，是您旅行東海岸最佳的用餐休息站。','花蓮縣977豐濱鄉石梯港82號','977','花蓮縣','豐濱鄉','886-3-8781041','11:00 - 14:00 、 17:00 - 19:30','','https://www.eastcoast-nsa.gov.tw/image/41544/640x480','口福海鮮餐廳','','','','','121.51085','23.48816','09','',''),('5','拙而奇藝術空間','結合藝術雕塑與簡單飲食的地方，以提供咖啡簡餐為主，是一個以創意藝術工作展示空間為主的餐廳，藝術濃厚的用餐空間，展示的作品為東海岸之鵝卵石及漂流木結合而成的藝術創作，平日13:00~17:00為下午茶時段 （沒有供應午簡餐），無開放免費參觀，有最低消費130元之限制，是一個非常有特色的空間。','花蓮縣977豐濱鄉港口村石門3號','977','花蓮縣','豐濱鄉','886-3-8781616','平日13:00~17:00為下午茶時段 （不供應簡餐）暑假期間如需在上午11:30入場請在前二天預約消費遇春節及連續假日三天以上11:00~17:00歡迎來電詢問','','https://www.eastcoast-nsa.gov.tw/image/41553/640x480','拙而奇藝術空間','','','','','121.50264','23.52237','09','',''),('6','東興野菜牛肉麵','東興牛肉麵位於新社村台11線道上，因為產品的獨特性，附近同業大多經營海鮮餐廳，不相衝突，因此生意很不錯，來往遊客也多會停留。餐廳內部約可容納約50人。','花蓮縣977豐濱鄉新社村9鄰東興6-1號','977','花蓮縣','豐濱鄉','886-3-8711282','10:00 - 19:00','','https://www.eastcoast-nsa.gov.tw/image/1129/640x480','在台11線上有間很特別的牛肉麵店，門口還有些水牛作品（照片來源： Google Earth）','','','','','121.5309','23.63422','09','',''),('7','阿卿海鮮店','深受當地人喜愛的海產店，阿卿海鮮位於豐濱村內，主要提供海鮮料理，因為地處豐濱最熱鬧的地區，菜單也多元可選擇，除了觀光客經常停留之外，也是當地居民喜愛前往聚餐的地方。','花蓮縣977豐濱鄉豐濱村三民路33號','977','花蓮縣','豐濱鄉','886-3-8791287','11:00 - 14:00、17:00 - 1900','','https://www.eastcoast-nsa.gov.tw/image/41584/640x480','阿卿海鮮店','','','','','121.52146','23.5983','09','',''),('8','升火工作室','業者在工作室開設咖啡廳，也在工作室門口經營煙燻飛魚的小販，原本有經營民宿的林鳳美小姐，同時也是港口部落觀光發展協會的總幹事，原本也在工作室經營民宿的他,目前也已經歇業,只剩咖啡廳在經營。','花蓮縣977豐濱鄉港口村石梯灣117-2號','977','花蓮縣','豐濱鄉','886-9-78502180','若想參觀請事先打電話預約','','https://www.eastcoast-nsa.gov.tw/image/1141/640x480','由港口部落的青年組成，以推廣港口部落在地文化（商家提供）','','','','','121.50883','23.48918','09','',''),('9','明來餐廳','在八仙洞對面的餐廳，30年的老店，店內除了供應海鮮料理、合菜外，另外還有販售池上便當、台糖冰品、青草茶等飲料冰品，本餐廳也有附素食，餐廳外牆用向日葵圖案裝飾，從餐廳望出去就是遼闊的大海，可以享受美食又同時欣賞海景。','臺東縣962長濱鄉三間村水母丁6-2號','962','臺東縣','長濱鄉','886-8-9881136','10:00~15:00','','https://www.eastcoast-nsa.gov.tw/image/1146/640x480','在八仙洞對面靠海的餐廳（照片來源： Google Earth）','','','','','121.47793','23.39699','09','',''),('10','濱海餐廳','濱海餐廳是臺東縣以台菜為主的美食餐廳，供應高級平時吃不到的山產美食、海產美食。','臺東縣962長濱鄉三間村水母丁1-9號','962','臺東縣','長濱鄉','886-8-9881318','11:00 – 18:00','','https://www.eastcoast-nsa.gov.tw/image/41395/640x480','濱海餐廳','','','','','121.47647','23.39365','09','',''),('11','欣逢海鮮餐廳','位於台11線旁的海鮮餐廳，提供經濟海鮮、團體合菜。','臺東縣962長濱鄉寧埔村17鄰界橋15號','962','臺東縣','長濱鄉','886-8-9801180','10:30–19:00','','https://www.eastcoast-nsa.gov.tw/image/41563/640x480','欣逢平價海鮮','','','','','121.40944','23.21663','09','',''),('12','晨霄海鮮','看似簡陋的小餐廳，裡面卻提供著平價好吃的海鮮料理，旅行途中在台11線上奔馳疲累時，不妨停下腳步來到晨霄小吃部品嘗好吃的海鮮料理。','臺東縣962長濱鄉寧埔村烏石鼻14鄰41-3號','962','臺東縣','長濱鄉','886-8-9801368','11:00~14:00、17:00~19:30','','https://www.eastcoast-nsa.gov.tw/image/29471/640x480','晨霄','','','','','121.4141','23.22733','09','',''),('13','原鄉複合式美食館','融合12族文化的原住民風格餐廳,親切的服務態度,精緻美味的特色餐飲,五六日更推出199吃到飽專案,是您假日絕不能錯過的美食餐廳。2樓有30多個座位 歡迎包下整層。星期六只有晚上營業 因為老闆作禮拜；過年時整天營業。','臺東縣961成功鎮大同路111-1號','961','臺東縣','成功鎮','886-8-9853328','11:00~14:00,17:30~22:00','','https://www.eastcoast-nsa.gov.tw/image/1161/640x480','位於台東縣成功鎮的原鄉簡餐牛排  (資料來源: google)','','','','','121.37869','23.10424','09','',''),('14','東河肉粽王','實在美味飽足的好吃肉粽!搭配店內豬腸熬煮3小時的濃郁四神湯與滷肉飯,保證讓你吃得很過癮!四神湯.肉粽','臺東縣959東河鄉南東河64號','959','臺東縣','東河鄉','886-8-9896665','9:00~20:00','','https://www.eastcoast-nsa.gov.tw/image/41550/640x480','東河肉粽王','','','','','121.30128','22.96613','09','',''),('15','馬利諾廚房','用心實在的手工堅持,不添加任何膨鬆劑.發酵劑,讓大朋友小朋友都可以安心品嘗.由義大利美國人專門製作的營養麵包,限量供應,陸續推出健康美味的新產品,歡迎來店預購!週六日還有提供義大利麵食哦。超級麵包Super Bread.肉桂葡萄麵包---真的很特別.營養.好吃!','臺東縣959東河鄉都蘭村436-3號','959','臺東縣','東河鄉','886-8-9531848','09:30-18:30','','https://www.eastcoast-nsa.gov.tw/image/29474/640x480','馬利諾廚房','','','','','121.23083','22.87864','09','',''),('16','龍港海鮮餐廳','乾淨舒適,用心親切,料好實在的一間海鮮料理店,歡迎遊覽車客團餐,三五好友聚餐,為您提供各種海鮮合菜美食。','臺東縣950臺東市富岡里松江路一段178號','950','臺東縣','臺東市','886-8-9281756','09:00~14:00，16:30~20:00','','https://www.eastcoast-nsa.gov.tw/image/1258/640x480','位於台東市的龍港海鮮餐廳 (資料來源:google)','','','','','121.18915','22.79384','09','',''),('17','釣魚人餐廳','因為熱愛海釣，讓詹老闆戀上了綠島。名家藝術桌椅、締造紀錄的魚骨標本，展現濃厚的個人風格。海堤邊用餐、露天巴比Q，多了豁達和率性。而擺上的新鮮魚貨是口碑，也是招牌，這樣才不負「釣魚人」的名號。','臺東縣951綠島鄉南寮村111號','951','臺東縣','綠島鄉','886-8-9671022','無','','https://www.eastcoast-nsa.gov.tw/image/41576/640x480','釣魚人','','','','','121.46883','22.66867','09','',''),('18','美玲海鮮','本店為國民旅遊卡特約店，提供經濟套餐、各式海鮮合菜，應有盡有，漁貨新鮮，價格平實，喜愛海鮮的人來到成功鎮絕對不可錯過。','臺東縣961成功鎮中山東路85號','961','臺東縣','成功鎮','886-8-9851638','11:00 - 14:30 、 17:00 - 19:30','','https://www.eastcoast-nsa.gov.tw/image/41558/640x480','美玲平價海鮮','','','','','121.38035','23.10111','09','',''),('19','日昇餐廳','日昇餐館位在成功鎮中山路，以本地的漁獲海鮮為主要素材，並提供新鮮衛生的海產、簡餐、和菜和外帶便當等能迎合各種客人的餐飲需求，店內上至總鋪師下至餐飲服務都是自家人，為的是能同心提供優質的餐飲服務。','臺東縣961成功鎮中山路81號','961','臺東縣','成功鎮','886-8-9855133','09:00~21:00','','https://www.eastcoast-nsa.gov.tw/image/41573/640x480','日昇餐廳','','','','','121.37908','23.10435','09','',''),('20','雲海海產店','本餐廳曾於2007年獲得台東縣政府推動經濟部商業司小鎮商業圈計畫，結合成功鎮公所辦理的「旗魚特色餐料理競賽」金廚獎。','臺東縣961成功鎮和平路34-9號','961','臺東縣','成功鎮','886-8-9841551','10:00–14:00;17:00–20:00','','https://www.eastcoast-nsa.gov.tw/image/1292/640x480','曾獲得「旗魚特色餐料理競賽」金廚獎的餐廳（照片來源： Google Earth）','','','','','121.3444','23.05348','09','',''),('21','新澎湖海鮮餐廳','新澎湖海鮮餐廳位於成功鎮市區，提供團體合菜外另有喜宴外燴服務，亦歡迎散客光臨。餐廳王老闆家中同時也是東海岸「台11白蝦」的養殖業者，因此餐廳除了有自家養殖的新鮮蝦料理外，海鮮類食材也來自成功本地漁港的新鮮魚貨。餐廳周邊地坪廣大，停車方便，加上菜色多元豐富，吸引不少饕客聞香而至。','臺東縣961成功鎮中山路167號','961','臺東縣','成功鎮','886-8-9852780','11:00 - 14:00 、 17:00 - 20:00','','https://www.eastcoast-nsa.gov.tw/image/6128/640x480','新澎湖海鮮餐廳','','','','','121.38161','23.10699','09','',''),('22','竹屋美食城','12年前， 老闆夫婦離開台東市，回到妻子的故鄉開了這家店。除了一般迎合大眾口味的菜式之外，以當地特有食材烹調的漁家私房菜也是一大賣點。道地的風味，不妨前來一試。','臺東縣951綠島鄉南寮村250號之1號','951','臺東縣','綠島鄉','886-8-9672129','10:30-14:30,17:00-20:30(夏季)','','https://www.eastcoast-nsa.gov.tw/image/41538/640x480','竹屋美食城','','','','','121.4678','22.67094','09','',''),('23','翔記餐廳','翔記老闆林義森來綠島經營已有16年之久，從處理鹿肉開始做起，人稱「鹿肉林」，對研發菜餚頗為在行，具備外燴辦桌的本領。手工拉麵是一大特色，不添加色素與防腐劑， 客人可以看到手工製麵的過程。','臺東縣951綠島鄉南寮村191-1號','951','臺東縣','綠島鄉','886-8-9672021','無','','https://www.eastcoast-nsa.gov.tw/image/27842/640x480','翔記餐廳','','','','','121.47159','22.66482','09','',''),('24','東昇溫泉羊肉爐','白天不營業的時候，跟一般民宅沒兩樣，實在看不出這家羊肉爐已賣了1 0 多年， 還曾有不少名人來光顧。但一到傍晚，饕客陸續報到，屋前廣場擺起了桌椅。主人忙不過來，客人還會自動自發張羅碗盤，相當有意思。','臺東縣951綠島鄉公館村溫泉42號','951','臺東縣','綠島鄉','886-8-9672067','18:00-22:00','','https://www.eastcoast-nsa.gov.tw/image/41548/640x480','溫泉羊肉爐','','','','','121.49854','22.64641','09','',''),('25','文鳳小吃','因為丈夫天天出海捕魚，所以文鳳小吃總有最新鮮的魚貨，加上漁船自己的，價格相當實惠。而看似簡單的料理，準備功夫並不馬虎，為求最佳口感，食材皆細心處理過才下鍋，是地方頗為推崇的小店。','臺東縣951綠島鄉南寮村漁港路37號','951','臺東縣','綠島鄉','886-8-9672003','無','','https://www.eastcoast-nsa.gov.tw/image/29244/640x480','文鳳海鮮','','','','','121.47326','22.66293','09','',''),('26','海角工作室','整座工作室為藍白建築，工作室外被木香與大葉欖樹蔭所包圍。工作室的主人為黃天佑先生，其為漂流木木雕藝術家，來到這裡的訪客，可以學習木蜂蠟手工傢俱設 計製作、木工體驗及生態導覽，並喝上一杯主人親手泡制的咖啡。工作室另提供住宿，適合家庭式旅遊。','花蓮縣974壽豐鄉鹽寮村橄樹腳133號','974','花蓮縣','壽豐鄉','886-9-20334586','採預約制，如要參觀請前一天打電話預約；如想參與工藝體驗，請至少三天前打電話預約，工藝體驗四人可成行','','https://www.eastcoast-nsa.gov.tw/image/1337/640x480','它的內部裝潢','','','','','121.587','23.878','09','',''),('27','奇美部落廚房','部落餐廳位於奇美文物館二樓，部落廚房位於部落餐廳旁一樓的傳統茅屋。在部落餐聽吹著徐徐涼風，享用好吃的奇美風味餐，堪稱一大享受。2008年奇美部落運用重點部落經費，以部落營造方式自力搭建完成。','花蓮縣978瑞穗鄉奇美村五鄰2-10號','978','花蓮縣','瑞穗鄉','886-3-8991220','奇美部落風味餐請於兩日前預約，因為我們還要去抓魚蝦、採野菜。','','https://www.eastcoast-nsa.gov.tw/image/1382/640x480','煮菜中(商家提供)','','','','','121.45709','23.51068','09','',''),('28','頭目海產店','「頭目海產店」位於磯崎大鼻石山登山口的正前方，民國71年開業後直到今日，已傳承第三代。店內主要經營熱炒以及海鮮料理為主，主要魚貨、龍蝦等食材都是在地漁船出海捕獲。早期開業之初以「東海岸」為店名，服務客群也多為往來頻繁的卡車司機；後來因以「東海岸」為名的店家太多，加上老闆娘的阿公是歷經部落四任的頭目，於是更名為「頭目海產店」，客群也日漸以東海岸的觀光遊客為主。 頭目海產店的創始人-kiniw媽媽，除了餐廳部分以外，尚在餐廳旁販售自製的烤飛魚，產自磯崎在地海域的飛魚，經過清洗、泡鹽水的過程，再燒烤的時候，香氣四溢，吸引不少遊客聞香而來，生意好的時候，一天可以賣將近100條的飛魚呢!而kiniw媽媽','花蓮縣977豐濱鄉磯崎村3鄰龜庵49號','977','花蓮縣','豐濱鄉','886-3-8711256','10:00 - 14:00','','https://www.eastcoast-nsa.gov.tw/image/51999/640x480','頭目海產店','','','','','121.5506','23.69643','09','','大石鼻山停車場停車'),('29','悟饕飯包','位於豐濱鄉，地點位於台11線及台11甲線的交叉路口，位置明顯，提供過路觀光客熱騰騰便當及湯飲的服務站，也提供外送服務。','花蓮縣977豐濱鄉豐濱村三民路22號','977','花蓮縣','豐濱鄉','886-3-8791174','10:00 - 13:00、15:30 - 19:00，週日公休(暑假期間) 10:00 - 14:00、16:00 - 19:00，週日公休','','https://www.eastcoast-nsa.gov.tw/image/1408/640x480','外觀(商家提供)','','','','','121.52248','23.60039','09','',''),('30','好的，擺 手創藝術小店','這幾年，台東都蘭一帶漸漸聚集了一群漂泊創作的藝文達人.... 「好的，擺」聚集了這些達人的創作品，以展、售的方式呈現在都蘭的一種生活狀態....','臺東縣959東河鄉臺東都蘭村61-2號(糖廠內)','959','臺東縣','東河鄉','886-8-9531702','10:00 - 18:00','','https://www.eastcoast-nsa.gov.tw/image/1468/640x480','外觀(商家提供)','','','','','121.22634','22.87217','09','',''),('31','大慶柴魚','嚴選正鰹，現場刨製柴魚片，一踏入店裡即可聞到柴魚引人的香氣，印入眼簾是粉紅色厚削柴魚片，不添加防腐劑及任何調味，帶您享受與市售柴魚片截然不同的色、香、味體驗。','臺東縣961成功鎮中山路62號','961','臺東縣','成功鎮','886-8-9851133','8:00-22:00','','https://www.eastcoast-nsa.gov.tw/image/41387/640x480','大慶柴魚','','','','','121.3791','23.10222','09','',''),('32','福和成糕餅店','傳承三代的八十年糕餅店，秉持傳統、純手工、古早味Specialties passed down from three generations: Red Turtle Cake, Moon Cake, Mochi, Patty Cake, and Engagement Cakes, all with a sweetness that&#39;s never too rich.甘くて美味しい紅亀餅、月餅、お餅、引菓子など三代続く職人の味ー『福和成餅店』帶來福氣和成功的八十年糕餅店「福和成糕餅店」為台東成功鎮傳承三代的八十年糕餅店，堅持傳統手藝，保留食物最原始的美味，無添加任何防腐劑，做出最安心美味','臺東縣961成功鎮大同路67號','961','臺東縣','成功鎮','886-8-9851757','7:00 - 12:00 、 15:00 - 17:00','','https://www.eastcoast-nsa.gov.tw/image/30974/640x480','福和成大同店','','','','','121.37688','23.10351','09','',''),('33','修圓玉石坊','玉石專賣，修圓禪學與你分享。','臺東縣959東河鄉東河村南東河195號','959','臺東縣','東河鄉','886-8-9896621','09:00~21:00','','https://www.eastcoast-nsa.gov.tw/image/1474/640x480','總統石精雕龍','','','','','121.30273','22.97','09','',''),('34','都蘭山寶石DIY','都蘭山寶石 DIY （鴻達），位於台東縣東河鄉都蘭村，專門從事玉石加工，各國天然玉石批發、零售；更配合自助、團體旅遊，結合附近民宿，推出寶石 DIY 配套行程，教你認識寶石，請專家帶你到海邊檢寶石， DIY 自己親自研磨寶石。也可以安排參觀附近私房景點。老闆年輕時喜歡玉石，因好友提供了一個想法，衍生推廣東海岸玉石之美的目標，希望可以讓更多人認識玉，才有了 DIY 手作的課程，不僅在海邊尋寶，也能動手研磨玉石，創造獨特的寶貴回憶。','臺東縣959東河鄉都蘭村44鄰458-2號','959','臺東縣','東河鄉','886-8-9531565','07:30–20:00','','https://www.eastcoast-nsa.gov.tw/image/52006/640x480','都蘭山寶石館DIY','','','','','121.22927','22.87583','09','',''),('35','棉麻屋','屋主龍惠媚曾當選97年原住民駐村藝術家,近年來多次在國內外參展,深獲好評,最近將工作室設在故鄉隆昌村,將進一步造福部落, 創造更多的就業機會.棉麻材質為手工染織的自然纖維,以天然的果食為素材,種子為配件,取之於大地,珍惜自然資源.既環保又有美感,完美的手工織法,造型獨特,歡迎來住宿的朋友可順道造訪參觀選購','臺東縣959東河鄉隆昌村162號','959','臺東縣','東河鄉','886-9-03180888','10:00~18:00，週一店休','','https://www.eastcoast-nsa.gov.tw/image/29466/640x480','棉麻屋','','','','','121.26834','22.93985','09','',''),('36','米苔目嫂海產店','民國56年間，米苔目嫂一家來到成功鎮，一開始是賣冰維生，後來碰上一個客家的老婆婆跟他們說，賣冰只有夏天這個時機有賺頭，其他時節還得傷腦筋，於是便傳授製作米苔目的方法，讓米苔目嫂的傳奇就此展開。劉媽媽後來用攤車沿街叫賣，除了米苔目，還搭配一些小菜，在那個一碗米苔目賣一塊錢的年代，據說最高紀錄的營業額一天可以賣到一千多塊，以現在來講一天一千塊的工資已經算很好了，何況是那個錢很大的時候。當然，米苔目好吃自不在話下，除此之外，另外一個原因就是當時的成功鎮只有一家飯館和另外一家麵攤，大家的選擇也不多，漸漸的米苔目嫂的生意就這麼做了起來。','臺東縣961成功鎮中山東路85號','961','臺東縣','成功鎮','886-8-9852635','11:00~14:30；17:00~19:30每周二公休','','https://www.eastcoast-nsa.gov.tw/image/1480/640x480','外觀(部落客提供)','','','','','121.38052','23.10058','09','',''),('37','金樽咖啡','金樽咖啡位於金樽遊憩區，區內設有停車場及賞景步道，咖啡廳位於臨海制高點上，視野遼闊，點杯咖啡坐下來吹吹海風聽著浪濤拍岸，讓人感到無限舒暢。','臺東縣959東河鄉七里橋11號','959','臺東縣','東河鄉','886-8-9541421','09:30-18:00，週三店休','','https://www.eastcoast-nsa.gov.tw/image/1484/640x480','外觀(部落客提供)','','','','','121.27593','22.936','09','',''),('38','秋霞麵店','秋霞麵店在都蘭糖廠斜對面巷子，開車約3-5分鐘就可以看得到，中午的生意不錯，不少在地人都會到這裡吃碗麵，乾淨整齊的環境也讓人喜歡 。','臺東縣959東河鄉都蘭村38-5號','959','臺東縣','東河鄉','886-8-9531006','11:00-14:00，週一、週五店休','','https://www.eastcoast-nsa.gov.tw/image/1486/640x480','外觀(部落客提供)','','','','','121.22926','22.8759','09','',''),('39','富岡漁港量販活海產餐廳','除了店裡面擺滿桌子，外面也都擺上了！櫥窗裏都是新鮮的海產，聽從地主的建議點菜準沒錯！','臺東縣950臺東市富岡里富岡街270號1樓','950','臺東縣','臺東市','886-8-9280283','09:00 - 21:00','','https://www.eastcoast-nsa.gov.tw/image/1490/640x480','招牌(部落客提供)','','','','','121.19097','22.79195','09','',''),('40','港口海產店','在30多年前，老闆娘為了生計及服務漁民便推著小餐車到富岡漁港賣著擔仔麵，70年代，觀光事業的發展及漁港的擴建，將原本擔子面的生意擴大經營改為海產店，為了能夠服務更多的觀光客及當地的饕客，於是開始了海鮮生意','臺東縣950臺東市富岡里富岡街267號','950','臺東縣','臺東市','886-8-9281607','11:00~14:00、16:00~19:30','','https://www.eastcoast-nsa.gov.tw/image/1492/640x480','名人來訪(商家提供)','','','','','121.19145','22.79193','09','',''),('41','宏津海鮮餐廳','「宏津海鮮餐廳」的老闆兼主廚是一位擁有40多年廚藝經驗的師傅，年輕時全臺灣跑透透的他曾在不少知名飯店服務，料理幾乎是他生命的一大部分，談起各種食材的變化他都能駕輕就熟。在因緣際會下來到了成功鎮的他，因為喜歡這裡的環境從此定居下來，而對於成功的旗魚料理，老闆也有一番研究。','臺東縣961成功鎮民生路123號','961','臺東縣','成功鎮','886-8-9850539','11:00-21:00','','https://www.eastcoast-nsa.gov.tw/image/1498/640x480','內部(商家提供)','','','','','121.38018','23.1023','09','',''),('42','成功鎮農會農特產品展售中心','本中心位於台11省道107.5公里處,北臨石雨傘風景區南靠三仙台風景區,營業內容全省農漁會和台東及在地農特商品,原住民手工藝品,另有本會農特產品三仙台白蝦及咖啡、台11旗魚鬆和牛肉乾,並設有花海區&#39;花田餐廳及咖啡工坊,可供遊覽車及遊客休憩旅遊咨詢.是您旅遊東海岸最佳休憩處,成功鎮農會歡迎您的來到來，我們將竭誠為您服務。','臺東縣961成功鎮忠孝里美山路139-2號(忠孝國小前)','961','臺東縣','成功鎮','886-8-9871848','08:00-17:00','','https://www.eastcoast-nsa.gov.tw/image/30983/640x480','成功鎮農會','','','','','121.39997','23.15573','09','',''),('43','lala Ban新社香蕉絲工坊','賦予傳承香蕉絲工藝文化的使命，取自原生材料的香蕉絲纖維，表達了噶瑪蘭族的精神與文化價值，尋求開創噶瑪蘭族文化產業的契機。1968年花東海岸公路(台11線)開工後，部落快速被捲入「現代化」，隨著各式物資的傳入，香蕉絲技藝步入式微。所幸地，在孕育噶瑪蘭族復明與文化復振運動的同時，老一被族人重新使起傳統地機織布的技法。從香蕉的種植、砍伐、刮絲、晾曬、分線、捻線、繞線、整經到編織等工序中，累積了深厚的技藝文化。','花蓮縣977豐濱鄉新社村2鄰42號','977','花蓮縣','豐濱鄉','886-3-8711361','08:00~17:00','','https://www.eastcoast-nsa.gov.tw/image/1520/640x480','精細的編織創作','','','','','121.5386','23.65519','09','',''),('44','大哥的故事','大哥ㄉ故事創立於2002年，以趣味，搞笑及可愛ㄉ大哥造型結合而的紀念商品專賣店。距加油站約500公尺，遠處就可以看到以大哥為主題ㄉ招牌，店內擺設以監獄為主題，兩間牢房供遊客免費拍照留念，所有商品都以綠島風光與大哥做發想，特別具有紀念價值。首創為綠島的天氣幹好熱，掀起T恤文字風潮！如果您要來綠島度假，別忘了來探監！如果您來探過監了，大哥依然在綠島等您再次探訪！','臺東縣951綠島鄉南寮村漁港路27-1號','951','臺東縣','綠島鄉','886-8-9671086','無','','https://www.eastcoast-nsa.gov.tw/image/52008/640x480','大哥的故事','','','','','121.47361','22.66239','09','',''),('45','山中傳奇','「山中傳奇」得天獨厚的地理位置，體驗山色海景環繞四周的景觀，天然芳多精環繞身體每個細胞，享受天然又健康的的森林浴，完全的放鬆自我，讓自已悠遊於天地之間，從一早迎接晨曦的到來，暖暖的陽光照耀每片大地，享受一份不同往日悠閒的早餐，細細品嚐美食與森林般的清新之旅吧！入夜後，俯瞰整片景色，星光與夜燈相互呼應著，如夢似幻般的銀河互相輝映，當沉溺在其中時甚至會分不清自已是否置身人間&hellip;','花蓮縣970花蓮市石璧街26號','970','花蓮縣','花蓮市','886-3-8581188','15:30 - 23:30','','https://www.eastcoast-nsa.gov.tw/image/1544/640x480','品嚐美食與森林般的清新之旅','','','','','121.55867','24.00163','09','','');
/*!40000 ALTER TABLE `restaurants` ENABLE KEYS */;
UNLOCK TABLES;

--
-- Table structure for table `tablename`
--

DROP TABLE IF EXISTS `tablename`;
/*!40101 SET @saved_cs_client     = @@character_set_client */;
/*!40101 SET character_set_client = utf8 */;
CREATE TABLE `tablename` (
  `Id` int(255) NOT NULL AUTO_INCREMENT,
  `Name` varchar(300) DEFAULT NULL,
  `Description` varchar(300) DEFAULT NULL,
  `Address` varchar(300) DEFAULT NULL,
  `Zipcode` varchar(300) DEFAULT NULL,
  `Region` varchar(300) DEFAULT NULL,
  `Town` varchar(300) DEFAULT NULL,
  `Tel` varchar(300) DEFAULT NULL,
  `Opentime` varchar(300) DEFAULT NULL,
  `Website` varchar(300) DEFAULT NULL,
  `Picture1` varchar(300) DEFAULT NULL,
  `Picdescribe1` varchar(300) DEFAULT NULL,
  `Picture2` varchar(300) DEFAULT NULL,
  `Picdescribe2` varchar(300) DEFAULT NULL,
  `Picture3` varchar(300) DEFAULT NULL,
  `Picdescribe3` varchar(300) DEFAULT NULL,
  `Px` varchar(300) DEFAULT NULL,
  `Py` varchar(300) DEFAULT NULL,
  `Class` varchar(300) DEFAULT NULL,
  `Map` varchar(300) DEFAULT NULL,
  `Parkinginfo` varchar(300) DEFAULT NULL,
  PRIMARY KEY (`Id`)
) ENGINE=InnoDB AUTO_INCREMENT=102 DEFAULT CHARSET=utf8mb4;
/*!40101 SET character_set_client = @saved_cs_client */;

--
-- Dumping data for table `tablename`
--

LOCK TABLES `tablename` WRITE;
/*!40000 ALTER TABLE `tablename` DISABLE KEYS */;
INSERT INTO `tablename` VALUES (1,'龍潭豆花','龍潭豆花只賣一種東西，也就是現點現做的古早味豆花，讓饕客把味蕾的重點回歸到豆花本身，豆花滑順綿密，比例調配得很好，帶著微微焦香，豆花出自店家自製，有著自己的特色。','臺北市中正區汀州路三段239號','','臺北市','中正區','','無','','','','','','','','121.5341','25.01392','5','','N/A'),(2,'望海巴耐餐廳/咖啡','非常有特色的原住民餐點餐廳，位於台十一線8K區段上，是東海岸行經花蓮大橋進入東海岸國家風景區之後，花蓮遊客中心前，第一家餐飲服務業者；業者於建物外部以當地竹子搭蓋起大門及挑高竹亭，呈顯其自然風格建築形式是其特色。望海巴耐野菜餐廳位於台十一線8K區段上，是東海岸行經花蓮大橋進入東海岸國家風景區之後，花蓮遊客中心前，第一家餐飲服務業者；業者於建物外部以當地竹子搭蓋起大門及挑高竹亭，呈顯其自然風格建築形式是其特色。','花蓮縣974壽豐鄉鹽寮村大橋22號','974','花蓮縣','壽豐鄉','886-9-37533483','11:30 - 20:00','','https://www.eastcoast-nsa.gov.tw/image/41530/640x480','花蓮無敵海景咖啡餐廳-望海巴耐','','','','','121.60611','23.91895','09','',''),(3,'噶瑪蘭海產店','沒有固定菜單，菜單依照時節隨時更新，主要客群來自附近居民及固定客戶，業者也和附近民宿配合，接待海天、118、沙漠風情、來去海邊等民宿的住房遊客。主要菜色為海鮮料理及噶瑪蘭風味料理，餐廳本身還有供簡易之餐飲服務，可容納約90~120人，這是一間原住民風格濃厚的餐廳。','花蓮縣977豐濱鄉新社村42號','977','花蓮縣','豐濱鄉','886-3-8711339','11:00 - 14:00、17:00 - 19:00','','https://www.eastcoast-nsa.gov.tw/image/51996/640x480','噶瑪蘭海產店','','','','','121.53779','23.65318','09','',''),(4,'口福海鮮餐廳','位處石梯港邊，臨近昕陽餐廳，同時也是東部賞鯨一號的報名處，餐廳主要提供海鮮熱炒料理，室內空間可容納200人以上，淡季客源除了過路觀光客，主要接待當地及附近居民，旺季則以接待遊覽車團體客人為主，是吃飯加賞鯨的好所在。東海岸的石梯坪有湛藍的海景、豐富多樣的海產，口福海鮮餐廳就設在花蓮南區最大的石梯港旁，出產多種迴游魚類、底棲珊瑚礁魚類、東海岸龍蝦，每天早上自家的漁船出海捕撈最新鮮的海產，招牌餐點有生魚片、多種鮮魚料理、東海岸活龍蝦、新鮮鮑魚及各種山、海產料理，不僅品質極佳價錢更是經濟實惠，保證讓您大飽口福，是您旅行東海岸最佳的用餐休息站。','花蓮縣977豐濱鄉石梯港82號','977','花蓮縣','豐濱鄉','886-3-8781041','11:00 - 14:00 、 17:00 - 19:30','','https://www.eastcoast-nsa.gov.tw/image/41544/640x480','口福海鮮餐廳','','','','','121.51085','23.48816','09','',''),(5,'拙而奇藝術空間','結合藝術雕塑與簡單飲食的地方，以提供咖啡簡餐為主，是一個以創意藝術工作展示空間為主的餐廳，藝術濃厚的用餐空間，展示的作品為東海岸之鵝卵石及漂流木結合而成的藝術創作，平日13:00~17:00為下午茶時段 （沒有供應午簡餐），無開放免費參觀，有最低消費130元之限制，是一個非常有特色的空間。','花蓮縣977豐濱鄉港口村石門3號','977','花蓮縣','豐濱鄉','886-3-8781616','平日13:00~17:00為下午茶時段 （不供應簡餐）暑假期間如需在上午11:30入場請在前二天預約消費遇春節及連續假日三天以上11:00~17:00歡迎來電詢問','','https://www.eastcoast-nsa.gov.tw/image/41553/640x480','拙而奇藝術空間','','','','','121.50264','23.52237','09','',''),(6,'東興野菜牛肉麵','東興牛肉麵位於新社村台11線道上，因為產品的獨特性，附近同業大多經營海鮮餐廳，不相衝突，因此生意很不錯，來往遊客也多會停留。餐廳內部約可容納約50人。','花蓮縣977豐濱鄉新社村9鄰東興6-1號','977','花蓮縣','豐濱鄉','886-3-8711282','10:00 - 19:00','','https://www.eastcoast-nsa.gov.tw/image/1129/640x480','在台11線上有間很特別的牛肉麵店，門口還有些水牛作品（照片來源： Google Earth）','','','','','121.5309','23.63422','09','',''),(7,'阿卿海鮮店','深受當地人喜愛的海產店，阿卿海鮮位於豐濱村內，主要提供海鮮料理，因為地處豐濱最熱鬧的地區，菜單也多元可選擇，除了觀光客經常停留之外，也是當地居民喜愛前往聚餐的地方。','花蓮縣977豐濱鄉豐濱村三民路33號','977','花蓮縣','豐濱鄉','886-3-8791287','11:00 - 14:00、17:00 - 1900','','https://www.eastcoast-nsa.gov.tw/image/41584/640x480','阿卿海鮮店','','','','','121.52146','23.5983','09','',''),(8,'升火工作室','業者在工作室開設咖啡廳，也在工作室門口經營煙燻飛魚的小販，原本有經營民宿的林鳳美小姐，同時也是港口部落觀光發展協會的總幹事，原本也在工作室經營民宿的他,目前也已經歇業,只剩咖啡廳在經營。','花蓮縣977豐濱鄉港口村石梯灣117-2號','977','花蓮縣','豐濱鄉','886-9-78502180','若想參觀請事先打電話預約','','https://www.eastcoast-nsa.gov.tw/image/1141/640x480','由港口部落的青年組成，以推廣港口部落在地文化（商家提供）','','','','','121.50883','23.48918','09','',''),(9,'明來餐廳','在八仙洞對面的餐廳，30年的老店，店內除了供應海鮮料理、合菜外，另外還有販售池上便當、台糖冰品、青草茶等飲料冰品，本餐廳也有附素食，餐廳外牆用向日葵圖案裝飾，從餐廳望出去就是遼闊的大海，可以享受美食又同時欣賞海景。','臺東縣962長濱鄉三間村水母丁6-2號','962','臺東縣','長濱鄉','886-8-9881136','10:00~15:00','','https://www.eastcoast-nsa.gov.tw/image/1146/640x480','在八仙洞對面靠海的餐廳（照片來源： Google Earth）','','','','','121.47793','23.39699','09','',''),(10,'濱海餐廳','濱海餐廳是臺東縣以台菜為主的美食餐廳，供應高級平時吃不到的山產美食、海產美食。','臺東縣962長濱鄉三間村水母丁1-9號','962','臺東縣','長濱鄉','886-8-9881318','11:00 – 18:00','','https://www.eastcoast-nsa.gov.tw/image/41395/640x480','濱海餐廳','','','','','121.47647','23.39365','09','',''),(11,'欣逢海鮮餐廳','位於台11線旁的海鮮餐廳，提供經濟海鮮、團體合菜。','臺東縣962長濱鄉寧埔村17鄰界橋15號','962','臺東縣','長濱鄉','886-8-9801180','10:30–19:00','','https://www.eastcoast-nsa.gov.tw/image/41563/640x480','欣逢平價海鮮','','','','','121.40944','23.21663','09','',''),(12,'晨霄海鮮','看似簡陋的小餐廳，裡面卻提供著平價好吃的海鮮料理，旅行途中在台11線上奔馳疲累時，不妨停下腳步來到晨霄小吃部品嘗好吃的海鮮料理。','臺東縣962長濱鄉寧埔村烏石鼻14鄰41-3號','962','臺東縣','長濱鄉','886-8-9801368','11:00~14:00、17:00~19:30','','https://www.eastcoast-nsa.gov.tw/image/29471/640x480','晨霄','','','','','121.4141','23.22733','09','',''),(13,'原鄉複合式美食館','融合12族文化的原住民風格餐廳,親切的服務態度,精緻美味的特色餐飲,五六日更推出199吃到飽專案,是您假日絕不能錯過的美食餐廳。2樓有30多個座位 歡迎包下整層。星期六只有晚上營業 因為老闆作禮拜；過年時整天營業。','臺東縣961成功鎮大同路111-1號','961','臺東縣','成功鎮','886-8-9853328','11:00~14:00,17:30~22:00','','https://www.eastcoast-nsa.gov.tw/image/1161/640x480','位於台東縣成功鎮的原鄉簡餐牛排  (資料來源: google)','','','','','121.37869','23.10424','09','',''),(14,'東河肉粽王','實在美味飽足的好吃肉粽!搭配店內豬腸熬煮3小時的濃郁四神湯與滷肉飯,保證讓你吃得很過癮!四神湯.肉粽','臺東縣959東河鄉南東河64號','959','臺東縣','東河鄉','886-8-9896665','9:00~20:00','','https://www.eastcoast-nsa.gov.tw/image/41550/640x480','東河肉粽王','','','','','121.30128','22.96613','09','',''),(15,'馬利諾廚房','用心實在的手工堅持,不添加任何膨鬆劑.發酵劑,讓大朋友小朋友都可以安心品嘗.由義大利美國人專門製作的營養麵包,限量供應,陸續推出健康美味的新產品,歡迎來店預購!週六日還有提供義大利麵食哦。超級麵包Super Bread.肉桂葡萄麵包---真的很特別.營養.好吃!','臺東縣959東河鄉都蘭村436-3號','959','臺東縣','東河鄉','886-8-9531848','09:30-18:30','','https://www.eastcoast-nsa.gov.tw/image/29474/640x480','馬利諾廚房','','','','','121.23083','22.87864','09','',''),(16,'龍港海鮮餐廳','乾淨舒適,用心親切,料好實在的一間海鮮料理店,歡迎遊覽車客團餐,三五好友聚餐,為您提供各種海鮮合菜美食。','臺東縣950臺東市富岡里松江路一段178號','950','臺東縣','臺東市','886-8-9281756','09:00~14:00，16:30~20:00','','https://www.eastcoast-nsa.gov.tw/image/1258/640x480','位於台東市的龍港海鮮餐廳 (資料來源:google)','','','','','121.18915','22.79384','09','',''),(17,'釣魚人餐廳','因為熱愛海釣，讓詹老闆戀上了綠島。名家藝術桌椅、締造紀錄的魚骨標本，展現濃厚的個人風格。海堤邊用餐、露天巴比Q，多了豁達和率性。而擺上的新鮮魚貨是口碑，也是招牌，這樣才不負「釣魚人」的名號。','臺東縣951綠島鄉南寮村111號','951','臺東縣','綠島鄉','886-8-9671022','無','','https://www.eastcoast-nsa.gov.tw/image/41576/640x480','釣魚人','','','','','121.46883','22.66867','09','',''),(18,'美玲海鮮','本店為國民旅遊卡特約店，提供經濟套餐、各式海鮮合菜，應有盡有，漁貨新鮮，價格平實，喜愛海鮮的人來到成功鎮絕對不可錯過。','臺東縣961成功鎮中山東路85號','961','臺東縣','成功鎮','886-8-9851638','11:00 - 14:30 、 17:00 - 19:30','','https://www.eastcoast-nsa.gov.tw/image/41558/640x480','美玲平價海鮮','','','','','121.38035','23.10111','09','',''),(19,'日昇餐廳','日昇餐館位在成功鎮中山路，以本地的漁獲海鮮為主要素材，並提供新鮮衛生的海產、簡餐、和菜和外帶便當等能迎合各種客人的餐飲需求，店內上至總鋪師下至餐飲服務都是自家人，為的是能同心提供優質的餐飲服務。','臺東縣961成功鎮中山路81號','961','臺東縣','成功鎮','886-8-9855133','09:00~21:00','','https://www.eastcoast-nsa.gov.tw/image/41573/640x480','日昇餐廳','','','','','121.37908','23.10435','09','',''),(20,'雲海海產店','本餐廳曾於2007年獲得台東縣政府推動經濟部商業司小鎮商業圈計畫，結合成功鎮公所辦理的「旗魚特色餐料理競賽」金廚獎。','臺東縣961成功鎮和平路34-9號','961','臺東縣','成功鎮','886-8-9841551','10:00–14:00;17:00–20:00','','https://www.eastcoast-nsa.gov.tw/image/1292/640x480','曾獲得「旗魚特色餐料理競賽」金廚獎的餐廳（照片來源： Google Earth）','','','','','121.3444','23.05348','09','',''),(21,'新澎湖海鮮餐廳','新澎湖海鮮餐廳位於成功鎮市區，提供團體合菜外另有喜宴外燴服務，亦歡迎散客光臨。餐廳王老闆家中同時也是東海岸「台11白蝦」的養殖業者，因此餐廳除了有自家養殖的新鮮蝦料理外，海鮮類食材也來自成功本地漁港的新鮮魚貨。餐廳周邊地坪廣大，停車方便，加上菜色多元豐富，吸引不少饕客聞香而至。','臺東縣961成功鎮中山路167號','961','臺東縣','成功鎮','886-8-9852780','11:00 - 14:00 、 17:00 - 20:00','','https://www.eastcoast-nsa.gov.tw/image/6128/640x480','新澎湖海鮮餐廳','','','','','121.38161','23.10699','09','',''),(22,'竹屋美食城','12年前， 老闆夫婦離開台東市，回到妻子的故鄉開了這家店。除了一般迎合大眾口味的菜式之外，以當地特有食材烹調的漁家私房菜也是一大賣點。道地的風味，不妨前來一試。','臺東縣951綠島鄉南寮村250號之1號','951','臺東縣','綠島鄉','886-8-9672129','10:30-14:30,17:00-20:30(夏季)','','https://www.eastcoast-nsa.gov.tw/image/41538/640x480','竹屋美食城','','','','','121.4678','22.67094','09','',''),(23,'翔記餐廳','翔記老闆林義森來綠島經營已有16年之久，從處理鹿肉開始做起，人稱「鹿肉林」，對研發菜餚頗為在行，具備外燴辦桌的本領。手工拉麵是一大特色，不添加色素與防腐劑， 客人可以看到手工製麵的過程。','臺東縣951綠島鄉南寮村191-1號','951','臺東縣','綠島鄉','886-8-9672021','無','','https://www.eastcoast-nsa.gov.tw/image/27842/640x480','翔記餐廳','','','','','121.47159','22.66482','09','',''),(24,'東昇溫泉羊肉爐','白天不營業的時候，跟一般民宅沒兩樣，實在看不出這家羊肉爐已賣了1 0 多年， 還曾有不少名人來光顧。但一到傍晚，饕客陸續報到，屋前廣場擺起了桌椅。主人忙不過來，客人還會自動自發張羅碗盤，相當有意思。','臺東縣951綠島鄉公館村溫泉42號','951','臺東縣','綠島鄉','886-8-9672067','18:00-22:00','','https://www.eastcoast-nsa.gov.tw/image/41548/640x480','溫泉羊肉爐','','','','','121.49854','22.64641','09','',''),(25,'文鳳小吃','因為丈夫天天出海捕魚，所以文鳳小吃總有最新鮮的魚貨，加上漁船自己的，價格相當實惠。而看似簡單的料理，準備功夫並不馬虎，為求最佳口感，食材皆細心處理過才下鍋，是地方頗為推崇的小店。','臺東縣951綠島鄉南寮村漁港路37號','951','臺東縣','綠島鄉','886-8-9672003','無','','https://www.eastcoast-nsa.gov.tw/image/29244/640x480','文鳳海鮮','','','','','121.47326','22.66293','09','',''),(26,'海角工作室','整座工作室為藍白建築，工作室外被木香與大葉欖樹蔭所包圍。工作室的主人為黃天佑先生，其為漂流木木雕藝術家，來到這裡的訪客，可以學習木蜂蠟手工傢俱設 計製作、木工體驗及生態導覽，並喝上一杯主人親手泡制的咖啡。工作室另提供住宿，適合家庭式旅遊。','花蓮縣974壽豐鄉鹽寮村橄樹腳133號','974','花蓮縣','壽豐鄉','886-9-20334586','採預約制，如要參觀請前一天打電話預約；如想參與工藝體驗，請至少三天前打電話預約，工藝體驗四人可成行','','https://www.eastcoast-nsa.gov.tw/image/1337/640x480','它的內部裝潢','','','','','121.587','23.878','09','',''),(27,'奇美部落廚房','部落餐廳位於奇美文物館二樓，部落廚房位於部落餐廳旁一樓的傳統茅屋。在部落餐聽吹著徐徐涼風，享用好吃的奇美風味餐，堪稱一大享受。2008年奇美部落運用重點部落經費，以部落營造方式自力搭建完成。','花蓮縣978瑞穗鄉奇美村五鄰2-10號','978','花蓮縣','瑞穗鄉','886-3-8991220','奇美部落風味餐請於兩日前預約，因為我們還要去抓魚蝦、採野菜。','','https://www.eastcoast-nsa.gov.tw/image/1382/640x480','煮菜中(商家提供)','','','','','121.45709','23.51068','09','',''),(28,'頭目海產店','「頭目海產店」位於磯崎大鼻石山登山口的正前方，民國71年開業後直到今日，已傳承第三代。店內主要經營熱炒以及海鮮料理為主，主要魚貨、龍蝦等食材都是在地漁船出海捕獲。早期開業之初以「東海岸」為店名，服務客群也多為往來頻繁的卡車司機；後來因以「東海岸」為名的店家太多，加上老闆娘的阿公是歷經部落四任的頭目，於是更名為「頭目海產店」，客群也日漸以東海岸的觀光遊客為主。 頭目海產店的創始人-kiniw媽媽，除了餐廳部分以外，尚在餐廳旁販售自製的烤飛魚，產自磯崎在地海域的飛魚，經過清洗、泡鹽水的過程，再燒烤的時候，香氣四溢，吸引不少遊客聞香而來，生意好的時候，一天可以賣將近100條的飛魚呢!而kiniw媽媽','花蓮縣977豐濱鄉磯崎村3鄰龜庵49號','977','花蓮縣','豐濱鄉','886-3-8711256','10:00 - 14:00','','https://www.eastcoast-nsa.gov.tw/image/51999/640x480','頭目海產店','','','','','121.5506','23.69643','09','','大石鼻山停車場停車'),(29,'悟饕飯包','位於豐濱鄉，地點位於台11線及台11甲線的交叉路口，位置明顯，提供過路觀光客熱騰騰便當及湯飲的服務站，也提供外送服務。','花蓮縣977豐濱鄉豐濱村三民路22號','977','花蓮縣','豐濱鄉','886-3-8791174','10:00 - 13:00、15:30 - 19:00，週日公休(暑假期間) 10:00 - 14:00、16:00 - 19:00，週日公休','','https://www.eastcoast-nsa.gov.tw/image/1408/640x480','外觀(商家提供)','','','','','121.52248','23.60039','09','',''),(30,'好的，擺 手創藝術小店','這幾年，台東都蘭一帶漸漸聚集了一群漂泊創作的藝文達人.... 「好的，擺」聚集了這些達人的創作品，以展、售的方式呈現在都蘭的一種生活狀態....','臺東縣959東河鄉臺東都蘭村61-2號(糖廠內)','959','臺東縣','東河鄉','886-8-9531702','10:00 - 18:00','','https://www.eastcoast-nsa.gov.tw/image/1468/640x480','外觀(商家提供)','','','','','121.22634','22.87217','09','',''),(31,'大慶柴魚','嚴選正鰹，現場刨製柴魚片，一踏入店裡即可聞到柴魚引人的香氣，印入眼簾是粉紅色厚削柴魚片，不添加防腐劑及任何調味，帶您享受與市售柴魚片截然不同的色、香、味體驗。','臺東縣961成功鎮中山路62號','961','臺東縣','成功鎮','886-8-9851133','8:00-22:00','','https://www.eastcoast-nsa.gov.tw/image/41387/640x480','大慶柴魚','','','','','121.3791','23.10222','09','',''),(32,'福和成糕餅店','傳承三代的八十年糕餅店，秉持傳統、純手工、古早味Specialties passed down from three generations: Red Turtle Cake, Moon Cake, Mochi, Patty Cake, and Engagement Cakes, all with a sweetness that&#39;s never too rich.甘くて美味しい紅亀餅、月餅、お餅、引菓子など三代続く職人の味ー『福和成餅店』帶來福氣和成功的八十年糕餅店「福和成糕餅店」為台東成功鎮傳承三代的八十年糕餅店，堅持傳統手藝，保留食物最原始的美味，無添加任何防腐劑，做出最安心美味','臺東縣961成功鎮大同路67號','961','臺東縣','成功鎮','886-8-9851757','7:00 - 12:00 、 15:00 - 17:00','','https://www.eastcoast-nsa.gov.tw/image/30974/640x480','福和成大同店','','','','','121.37688','23.10351','09','',''),(33,'修圓玉石坊','玉石專賣，修圓禪學與你分享。','臺東縣959東河鄉東河村南東河195號','959','臺東縣','東河鄉','886-8-9896621','09:00~21:00','','https://www.eastcoast-nsa.gov.tw/image/1474/640x480','總統石精雕龍','','','','','121.30273','22.97','09','',''),(34,'都蘭山寶石DIY','都蘭山寶石 DIY （鴻達），位於台東縣東河鄉都蘭村，專門從事玉石加工，各國天然玉石批發、零售；更配合自助、團體旅遊，結合附近民宿，推出寶石 DIY 配套行程，教你認識寶石，請專家帶你到海邊檢寶石， DIY 自己親自研磨寶石。也可以安排參觀附近私房景點。老闆年輕時喜歡玉石，因好友提供了一個想法，衍生推廣東海岸玉石之美的目標，希望可以讓更多人認識玉，才有了 DIY 手作的課程，不僅在海邊尋寶，也能動手研磨玉石，創造獨特的寶貴回憶。','臺東縣959東河鄉都蘭村44鄰458-2號','959','臺東縣','東河鄉','886-8-9531565','07:30–20:00','','https://www.eastcoast-nsa.gov.tw/image/52006/640x480','都蘭山寶石館DIY','','','','','121.22927','22.87583','09','',''),(35,'棉麻屋','屋主龍惠媚曾當選97年原住民駐村藝術家,近年來多次在國內外參展,深獲好評,最近將工作室設在故鄉隆昌村,將進一步造福部落, 創造更多的就業機會.棉麻材質為手工染織的自然纖維,以天然的果食為素材,種子為配件,取之於大地,珍惜自然資源.既環保又有美感,完美的手工織法,造型獨特,歡迎來住宿的朋友可順道造訪參觀選購','臺東縣959東河鄉隆昌村162號','959','臺東縣','東河鄉','886-9-03180888','10:00~18:00，週一店休','','https://www.eastcoast-nsa.gov.tw/image/29466/640x480','棉麻屋','','','','','121.26834','22.93985','09','',''),(36,'米苔目嫂海產店','民國56年間，米苔目嫂一家來到成功鎮，一開始是賣冰維生，後來碰上一個客家的老婆婆跟他們說，賣冰只有夏天這個時機有賺頭，其他時節還得傷腦筋，於是便傳授製作米苔目的方法，讓米苔目嫂的傳奇就此展開。劉媽媽後來用攤車沿街叫賣，除了米苔目，還搭配一些小菜，在那個一碗米苔目賣一塊錢的年代，據說最高紀錄的營業額一天可以賣到一千多塊，以現在來講一天一千塊的工資已經算很好了，何況是那個錢很大的時候。當然，米苔目好吃自不在話下，除此之外，另外一個原因就是當時的成功鎮只有一家飯館和另外一家麵攤，大家的選擇也不多，漸漸的米苔目嫂的生意就這麼做了起來。','臺東縣961成功鎮中山東路85號','961','臺東縣','成功鎮','886-8-9852635','11:00~14:30；17:00~19:30每周二公休','','https://www.eastcoast-nsa.gov.tw/image/1480/640x480','外觀(部落客提供)','','','','','121.38052','23.10058','09','',''),(37,'金樽咖啡','金樽咖啡位於金樽遊憩區，區內設有停車場及賞景步道，咖啡廳位於臨海制高點上，視野遼闊，點杯咖啡坐下來吹吹海風聽著浪濤拍岸，讓人感到無限舒暢。','臺東縣959東河鄉七里橋11號','959','臺東縣','東河鄉','886-8-9541421','09:30-18:00，週三店休','','https://www.eastcoast-nsa.gov.tw/image/1484/640x480','外觀(部落客提供)','','','','','121.27593','22.936','09','',''),(38,'秋霞麵店','秋霞麵店在都蘭糖廠斜對面巷子，開車約3-5分鐘就可以看得到，中午的生意不錯，不少在地人都會到這裡吃碗麵，乾淨整齊的環境也讓人喜歡 。','臺東縣959東河鄉都蘭村38-5號','959','臺東縣','東河鄉','886-8-9531006','11:00-14:00，週一、週五店休','','https://www.eastcoast-nsa.gov.tw/image/1486/640x480','外觀(部落客提供)','','','','','121.22926','22.8759','09','',''),(39,'富岡漁港量販活海產餐廳','除了店裡面擺滿桌子，外面也都擺上了！櫥窗裏都是新鮮的海產，聽從地主的建議點菜準沒錯！','臺東縣950臺東市富岡里富岡街270號1樓','950','臺東縣','臺東市','886-8-9280283','09:00 - 21:00','','https://www.eastcoast-nsa.gov.tw/image/1490/640x480','招牌(部落客提供)','','','','','121.19097','22.79195','09','',''),(40,'港口海產店','在30多年前，老闆娘為了生計及服務漁民便推著小餐車到富岡漁港賣著擔仔麵，70年代，觀光事業的發展及漁港的擴建，將原本擔子面的生意擴大經營改為海產店，為了能夠服務更多的觀光客及當地的饕客，於是開始了海鮮生意','臺東縣950臺東市富岡里富岡街267號','950','臺東縣','臺東市','886-8-9281607','11:00~14:00、16:00~19:30','','https://www.eastcoast-nsa.gov.tw/image/1492/640x480','名人來訪(商家提供)','','','','','121.19145','22.79193','09','',''),(41,'宏津海鮮餐廳','「宏津海鮮餐廳」的老闆兼主廚是一位擁有40多年廚藝經驗的師傅，年輕時全臺灣跑透透的他曾在不少知名飯店服務，料理幾乎是他生命的一大部分，談起各種食材的變化他都能駕輕就熟。在因緣際會下來到了成功鎮的他，因為喜歡這裡的環境從此定居下來，而對於成功的旗魚料理，老闆也有一番研究。','臺東縣961成功鎮民生路123號','961','臺東縣','成功鎮','886-8-9850539','11:00-21:00','','https://www.eastcoast-nsa.gov.tw/image/1498/640x480','內部(商家提供)','','','','','121.38018','23.1023','09','',''),(42,'成功鎮農會農特產品展售中心','本中心位於台11省道107.5公里處,北臨石雨傘風景區南靠三仙台風景區,營業內容全省農漁會和台東及在地農特商品,原住民手工藝品,另有本會農特產品三仙台白蝦及咖啡、台11旗魚鬆和牛肉乾,並設有花海區&#39;花田餐廳及咖啡工坊,可供遊覽車及遊客休憩旅遊咨詢.是您旅遊東海岸最佳休憩處,成功鎮農會歡迎您的來到來，我們將竭誠為您服務。','臺東縣961成功鎮忠孝里美山路139-2號(忠孝國小前)','961','臺東縣','成功鎮','886-8-9871848','08:00-17:00','','https://www.eastcoast-nsa.gov.tw/image/30983/640x480','成功鎮農會','','','','','121.39997','23.15573','09','',''),(43,'lala Ban新社香蕉絲工坊','賦予傳承香蕉絲工藝文化的使命，取自原生材料的香蕉絲纖維，表達了噶瑪蘭族的精神與文化價值，尋求開創噶瑪蘭族文化產業的契機。1968年花東海岸公路(台11線)開工後，部落快速被捲入「現代化」，隨著各式物資的傳入，香蕉絲技藝步入式微。所幸地，在孕育噶瑪蘭族復明與文化復振運動的同時，老一被族人重新使起傳統地機織布的技法。從香蕉的種植、砍伐、刮絲、晾曬、分線、捻線、繞線、整經到編織等工序中，累積了深厚的技藝文化。','花蓮縣977豐濱鄉新社村2鄰42號','977','花蓮縣','豐濱鄉','886-3-8711361','08:00~17:00','','https://www.eastcoast-nsa.gov.tw/image/1520/640x480','精細的編織創作','','','','','121.5386','23.65519','09','',''),(44,'大哥的故事','大哥ㄉ故事創立於2002年，以趣味，搞笑及可愛ㄉ大哥造型結合而的紀念商品專賣店。距加油站約500公尺，遠處就可以看到以大哥為主題ㄉ招牌，店內擺設以監獄為主題，兩間牢房供遊客免費拍照留念，所有商品都以綠島風光與大哥做發想，特別具有紀念價值。首創為綠島的天氣幹好熱，掀起T恤文字風潮！如果您要來綠島度假，別忘了來探監！如果您來探過監了，大哥依然在綠島等您再次探訪！','臺東縣951綠島鄉南寮村漁港路27-1號','951','臺東縣','綠島鄉','886-8-9671086','無','','https://www.eastcoast-nsa.gov.tw/image/52008/640x480','大哥的故事','','','','','121.47361','22.66239','09','',''),(45,'山中傳奇123','「山中傳奇」得天獨厚的地理位置，體驗山色海景環繞四周的景觀，天然芳多精環繞身體每個細胞，享受天然又健康的的森林浴，完全的放鬆自我，讓自已悠遊於天地之間，從一早迎接晨曦的到來，暖暖的陽光照耀每片大地，享受一份不同往日悠閒的早餐，細細品嚐美食與森林般的清新之旅吧！入夜後，俯瞰整片景色，星光與夜燈相互呼應著，如夢似幻般的銀河互相輝映，當沉溺在其中時甚至會分不清自已是否置身人間&hellip;1233','花蓮縣970花蓮市石璧街26號','970','花蓮縣','花蓮市','886-3-8581188','15:30 - 23:30','','https://www.eastcoast-nsa.gov.tw/image/1544/640x480','品嚐美食與森林般的清新之旅','','','','','121.55867','24.00163','09','',''),(49,'66','6666666',NULL,NULL,NULL,NULL,NULL,NULL,NULL,'https://www.eastcoast-nsa.gov.tw/image/41544/640x480',NULL,NULL,NULL,NULL,NULL,NULL,NULL,NULL,NULL,NULL);
/*!40000 ALTER TABLE `tablename` ENABLE KEYS */;
UNLOCK TABLES;

--
-- Table structure for table `usermember`
--

DROP TABLE IF EXISTS `usermember`;
/*!40101 SET @saved_cs_client     = @@character_set_client */;
/*!40101 SET character_set_client = utf8 */;
CREATE TABLE `usermember` (
  `uid` int(11) NOT NULL AUTO_INCREMENT,
  `email` varchar(300) NOT NULL,
  `password` varchar(300) NOT NULL,
  `firstName` varchar(100) NOT NULL,
  `lastName` varchar(100) NOT NULL,
  `tel` int(100) NOT NULL,
  `deposit` int(100) NOT NULL DEFAULT 0,
  PRIMARY KEY (`uid`)
) ENGINE=InnoDB AUTO_INCREMENT=15 DEFAULT CHARSET=utf8mb4;
/*!40101 SET character_set_client = @saved_cs_client */;

--
-- Dumping data for table `usermember`
--

LOCK TABLES `usermember` WRITE;
/*!40000 ALTER TABLE `usermember` DISABLE KEYS */;
INSERT INTO `usermember` VALUES (4,'test@gmail.com','$2y$10$wgIsh2vVA/ODw71D1VuUE.LY73K/GK2CnBmKTXIE9Y4XW3zt3vfWy','王','大大',921123456,0),(5,'test1@gmail.com','$2y$10$tcL8Mh7dsS5KkdHJV4NM4.IGBBoNP2ZxCiqXFHQhICIurquXKNxMO','張','小小',912345678,0),(6,'test2@gmail.com','$2y$10$TBnp2eeAPWgythSHdXlXfOk.IKiMFJA4/YqGnuQEMKoJzPSSFlcL6','廖','中中',934678901,0),(7,'test3@gmail.com','$2y$10$yPMUGemtN4yJqWxD7NzK4.fN/5LMsxyh.jPYqExmnE1UTlmQPolj6','楊','津津',988641234,0),(8,'test4@gmail.com','$2y$10$iyig2R3BA3/uj2.3TrkB/uejv8C/mvDdIvVALSwx5cAYqApc0ViWu','吳','和和',987348788,0),(9,'test5@gmail.com','$2y$10$nbMRheQSuZMk2AZb9ozwOOhbz2HYU9Xmjz7foWDb.wl.S/Y2iMjhO','林','節節',977468367,0),(11,'drama3fu@gmail.com','$2y$10$ZN7xUQCjvjbubJrg/NWjkeSSzbwGVk/UvTFyW3mBRSzllnIdfikim','楊','大大',986478924,0),(12,'reste@gmail.com','$2y$10$8C4paQgOeqGE8vhP.2H94u6Jz/uJVStTqUJ8k.L7WKXka9T7k9Jbi','吳','和和',956746852,0),(13,'init123@gmail.com','$2y$10$w6ZCprETXuvE2qTXkIUFn.yegwJkoA8KfnXMxrjWs7LlPdUp9wa4m','康','軒軒',945687123,0),(14,'rtyye@gmail.com','$2y$10$AHGrWAX3jgEb4uEnnHTmc.A7szSbmXdjQHx7VS41zD2w22RJgAqaK','林','節節',985462123,0);
/*!40000 ALTER TABLE `usermember` ENABLE KEYS */;
UNLOCK TABLES;

--
-- Dumping routines for database 'finalproject'
--
/*!40103 SET TIME_ZONE=@OLD_TIME_ZONE */;

/*!40101 SET SQL_MODE=@OLD_SQL_MODE */;
/*!40014 SET FOREIGN_KEY_CHECKS=@OLD_FOREIGN_KEY_CHECKS */;
/*!40014 SET UNIQUE_CHECKS=@OLD_UNIQUE_CHECKS */;
/*!40101 SET CHARACTER_SET_CLIENT=@OLD_CHARACTER_SET_CLIENT */;
/*!40101 SET CHARACTER_SET_RESULTS=@OLD_CHARACTER_SET_RESULTS */;
/*!40101 SET COLLATION_CONNECTION=@OLD_COLLATION_CONNECTION */;
/*!40111 SET SQL_NOTES=@OLD_SQL_NOTES */;

-- Dump completed on 2022-07-14 15:32:33
